event_id,timestamp,user,action,cpu,memory,response_time,status_code
1,2026-08-25 18:32:15.317,Hannah,View,67.63,62.35,89,404
2,2026-08-25 18:32:15.356,Julia,Download,28.12,40.4,140,200
3,2026-08-25 18:32:15.402,Ian,Upload,60.17,26.14,58,304
4,2026-08-25 18:32:15.410,Fiona,Upload,66.58,68.89,153,200
5,2026-08-25 18:32:15.499,Charlie,Purchase,50.46,76.85,358,200
6,2026-08-25 18:32:15.420,Diana,Search,92.76,75.0,404,404
7,2026-08-25 18:32:15.448,Diana,Purchase,51.12,89.85,114,500
8,2026-08-25 18:32:15.414,Ian,Login,64.09,55.25,137,200
9,2026-08-25 18:32:15.627,Ian,Upload,44.22,75.8,26,404
10,2026-08-25 18:32:15.674,Diana,Login,18.25,33.59,301,200
11,2026-08-25 18:32:15.624,Diana,Upload,77.73,27.1,89,404
12,2026-08-25 18:32:15.750,Julia,Upload,67.19,23.6,301,201
13,2026-08-25 18:32:15.710,Ian,Purchase,28.65,38.44,204,404
14,2026-08-25 18:32:15.630,Hannah,Upload,93.97,75.79,422,201
15,2026-08-25 18:32:15.684,Charlie,Login,28.57,20.84,296,304
16,2026-08-25 18:32:15.950,Charlie,Search,51.8,83.58,163,500
17,2026-08-25 18:32:15.736,Diana,Logout,43.96,62.7,240,400
18,2026-08-25 18:32:15.564,Hannah,Logout,82.34,24.74,154,200
19,2026-08-25 18:32:15.921,Ian,Logout,43.93,44.84,244,500
20,2026-08-25 18:32:15.734,Julia,Logout,31.91,76.91,122,200
21,2026-08-25 18:32:15.840,Ian,Logout,63.18,26.41,36,304
22,2026-08-25 18:32:15.558,Ian,Search,23.32,29.1,160,200
23,2026-08-25 18:32:16.283,Hannah,Purchase,67.02,33.64,48,304
24,2026-08-25 18:32:16.350,George,Logout,88.87,78.39,306,200
25,2026-08-25 18:32:15.594,Ian,Upload,10.62,56.55,369,201
26,2026-08-25 18:32:16.282,Alice,Download,23.39,54.57,373,200
27,2026-08-25 18:32:16.644,Charlie,Login,10.3,53.19,342,200
28,2026-08-25 18:32:16.078,Hannah,Search,65.07,21.05,105,200
29,2026-08-25 18:32:16.628,Alice,Download,36.56,27.58,242,400
30,2026-08-25 18:32:15.924,Ian,Logout,86.77,32.76,73,304
31,2026-08-25 18:32:16.193,Fiona,Search,42.37,47.0,79,500
32,2026-08-25 18:32:16.862,Julia,Download,56.41,80.29,159,200
33,2026-08-25 18:32:16.581,Bob,Upload,71.13,29.93,401,200
34,2026-08-25 18:32:16.212,Fiona,Upload,65.37,36.98,32,201
35,2026-08-25 18:32:16.694,Fiona,Purchase,86.98,28.04,213,200
36,2026-08-25 18:32:16.122,George,Logout,23.66,40.13,385,200
37,2026-08-25 18:32:16.404,Charlie,Logout,50.51,20.72,19,404
38,2026-08-25 18:32:15.674,Alice,Logout,41.1,51.48,246,304
39,2026-08-25 18:32:16.971,Bob,Upload,26.2,42.71,86,200
40,2026-08-25 18:32:16.254,Julia,Logout,38.83,88.83,239,304
41,2026-08-25 18:32:17.303,Bob,Login,91.7,88.91,392,200
42,2026-08-25 18:32:17.268,Charlie,Upload,80.55,56.78,347,201
43,2026-08-25 18:32:16.154,Julia,View,66.25,20.48,324,200
44,2026-08-25 18:32:17.406,Hannah,Search,30.25,77.65,354,500
45,2026-08-25 18:32:16.284,Fiona,Purchase,8.26,36.88,405,200
46,2026-08-25 18:32:16.766,Julia,Download,28.07,85.67,314,200
47,2026-08-25 18:32:16.939,Charlie,Download,7.59,49.24,179,200
48,2026-08-25 18:32:16.062,George,Login,75.69,40.96,33,200
49,2026-08-25 18:32:16.764,Ian,Search,49.98,54.05,327,201
50,2026-08-25 18:32:17.444,Ian,Upload,80.16,76.83,171,200
51,2026-08-25 18:32:15.855,Hannah,Logout,13.97,80.62,283,304
52,2026-08-25 18:32:16.698,Charlie,Logout,43.5,72.36,136,404
53,2026-08-25 18:32:15.983,Bob,Logout,10.68,76.65,132,404
54,2026-08-25 18:32:17.130,George,Upload,21.35,44.74,235,400
55,2026-08-25 18:32:16.394,Hannah,Logout,26.01,77.27,399,200
56,2026-08-25 18:32:16.358,Hannah,Download,61.02,36.71,279,201
57,2026-08-25 18:32:16.035,Charlie,Upload,46.21,55.42,423,201
58,2026-08-25 18:32:18.020,Ian,Search,22.02,62.67,231,500
59,2026-08-25 18:32:15.943,Fiona,Purchase,9.42,75.2,49,400
60,2026-08-25 18:32:17.754,Ian,Logout,32.26,76.86,448,200
61,2026-08-25 18:32:18.039,Evan,Download,27.69,79.78,163,200
62,2026-08-25 18:32:15.976,Diana,Upload,92.4,54.82,126,200
63,2026-08-25 18:32:16.617,Hannah,Logout,93.38,79.68,203,201
64,2026-08-25 18:32:17.278,Diana,Purchase,21.34,33.86,297,200
65,2026-08-25 18:32:17.504,Charlie,Purchase,24.79,64.35,358,404
66,2026-08-25 18:32:16.152,Alice,Download,46.34,69.64,43,200
67,2026-08-25 18:32:16.567,Fiona,Download,75.53,24.37,223,400
68,2026-08-25 18:32:17.334,Evan,Login,59.86,28.55,426,200
69,2026-08-25 18:32:17.226,Ian,Logout,34.26,59.36,188,400
70,2026-08-25 18:32:16.064,Evan,Download,64.64,31.83,90,200
71,2026-08-25 18:32:18.631,Fiona,Download,49.64,24.22,182,500
72,2026-08-25 18:32:18.606,Ian,Logout,14.14,73.49,395,200
73,2026-08-25 18:32:16.024,Hannah,Download,15.6,66.24,160,400
74,2026-08-25 18:32:17.292,Julia,Upload,34.69,27.02,96,200
75,2026-08-25 18:32:16.119,Ian,Purchase,75.51,46.94,264,304
76,2026-08-25 18:32:16.358,Alice,Download,85.21,80.34,183,404
77,2026-08-25 18:32:18.913,Fiona,Upload,53.37,55.35,253,200
78,2026-08-25 18:32:19.038,Bob,Download,55.25,44.51,411,404
79,2026-08-25 18:32:16.479,George,Upload,26.65,73.65,215,200
80,2026-08-25 18:32:16.974,Ian,View,63.07,64.97,28,201
81,2026-08-25 18:32:17.805,Diana,Login,39.61,45.97,50,404
82,2026-08-25 18:32:18.410,Charlie,View,88.34,71.29,47,304
83,2026-08-25 18:32:16.456,Hannah,View,58.05,86.9,310,500
84,2026-08-25 18:32:17.982,Julia,Logout,47.41,41.0,340,200
85,2026-08-25 18:32:16.994,Fiona,Logout,90.52,39.78,412,304
86,2026-08-25 18:32:18.476,Fiona,Login,57.79,72.68,270,201
87,2026-08-25 18:32:17.556,Alice,Download,30.15,23.74,374,200
88,2026-08-25 18:32:18.022,George,Logout,66.34,71.67,347,304
89,2026-08-25 18:32:17.163,Charlie,View,91.08,68.87,54,400
90,2026-08-25 18:32:18.624,Julia,View,53.74,20.2,171,200
91,2026-08-25 18:32:18.479,Diana,Upload,51.22,60.84,106,500
92,2026-08-25 18:32:18.882,Diana,Search,16.18,50.3,95,201
93,2026-08-25 18:32:16.782,Diana,Download,10.07,51.75,151,200
94,2026-08-25 18:32:19.430,Evan,Purchase,62.49,73.26,255,400
95,2026-08-25 18:32:17.669,Bob,Login,56.3,30.14,368,404
96,2026-08-25 18:32:17.598,Alice,Upload,31.92,29.47,303,200
97,2026-08-25 18:32:16.943,Ian,Logout,85.13,37.6,330,200
98,2026-08-25 18:32:17.842,Hannah,Download,87.41,81.53,74,200
99,2026-08-25 18:32:17.076,Diana,Purchase,50.21,28.79,46,200
100,2026-08-25 18:32:18.694,Hannah,Logout,89.77,80.64,25,200
101,2026-08-25 18:32:17.314,Bob,Login,39.4,55.08,221,200
102,2026-08-25 18:32:18.354,Bob,Search,89.35,83.42,247,200
103,2026-08-25 18:32:17.972,Alice,View,7.1,51.69,236,304
104,2026-08-25 18:32:17.166,Ian,Logout,66.99,34.04,124,400
105,2026-08-25 18:32:18.444,Julia,Purchase,50.02,65.96,50,200
106,2026-08-25 18:32:16.884,Bob,Logout,25.61,57.71,365,500
107,2026-08-25 18:32:17.969,Charlie,Upload,54.74,76.14,152,304
108,2026-08-25 18:32:18.966,Diana,View,31.99,51.28,168,404
109,2026-08-25 18:32:17.038,Charlie,Search,6.95,40.03,233,201
110,2026-08-25 18:32:20.684,Fiona,Download,90.28,23.76,247,404
111,2026-08-25 18:32:18.735,Ian,View,6.69,81.43,143,200
112,2026-08-25 18:32:17.310,Charlie,View,80.29,25.6,288,200
113,2026-08-25 18:32:20.718,Hannah,Upload,87.23,25.6,150,400
114,2026-08-25 18:32:17.118,Hannah,Upload,47.34,32.37,93,400
115,2026-08-25 18:32:17.709,Bob,Logout,38.06,60.61,184,404
116,2026-08-25 18:32:20.978,Julia,Upload,54.51,86.15,32,400
117,2026-08-25 18:32:20.208,Fiona,Purchase,75.64,61.65,149,400
118,2026-08-25 18:32:19.306,Charlie,Logout,70.28,54.87,170,404
119,2026-08-25 18:32:20.768,Fiona,Logout,74.75,55.0,221,404
120,2026-08-25 18:32:16.974,Fiona,View,45.53,80.95,118,400
121,2026-08-25 18:32:18.561,Fiona,Logout,58.34,75.48,191,304
122,2026-08-25 18:32:17.002,Diana,View,31.43,53.05,174,200
123,2026-08-25 18:32:20.214,Charlie,Logout,75.1,60.13,197,304
124,2026-08-25 18:32:19.634,Charlie,Purchase,49.2,40.13,35,400
125,2026-08-25 18:32:16.794,George,Purchase,91.21,37.49,66,400
126,2026-08-25 18:32:17.688,Ian,Purchase,6.75,25.89,368,400
127,2026-08-25 18:32:17.961,Bob,Purchase,92.4,32.99,185,404
128,2026-08-25 18:32:16.702,Bob,Logout,61.76,35.56,33,500
129,2026-08-25 18:32:21.357,Hannah,Download,7.96,21.13,38,500
130,2026-08-25 18:32:20.104,Hannah,Purchase,92.89,71.21,258,500
131,2026-08-25 18:32:18.438,Diana,Purchase,20.84,42.77,182,200
132,2026-08-25 18:32:17.010,Charlie,Upload,43.28,75.33,194,304
133,2026-08-25 18:32:21.811,Evan,Download,88.22,78.89,286,404
134,2026-08-25 18:32:21.190,Julia,Login,80.55,88.47,154,500
135,2026-08-25 18:32:22.044,Diana,Login,25.13,54.88,161,404
136,2026-08-25 18:32:20.190,Evan,Download,14.56,34.83,448,304
137,2026-08-25 18:32:21.596,Fiona,Purchase,6.89,78.54,193,200
138,2026-08-25 18:32:17.226,Hannah,Search,13.85,53.44,138,200
139,2026-08-25 18:32:20.020,Diana,View,89.86,69.0,80,200
140,2026-08-25 18:32:17.394,Ian,Search,56.82,22.11,388,500
141,2026-08-25 18:32:19.383,Julia,Purchase,59.79,77.78,119,400
142,2026-08-25 18:32:18.844,Alice,Logout,74.51,49.34,338,400
143,2026-08-25 18:32:22.444,Evan,Purchase,75.88,59.4,345,200
144,2026-08-25 18:32:19.038,George,View,50.14,47.09,96,304
145,2026-08-25 18:32:18.919,Alice,Download,60.62,45.94,194,400
146,2026-08-25 18:32:19.674,Evan,Upload,13.95,31.58,157,200
147,2026-08-25 18:32:17.793,Evan,Purchase,19.74,58.28,45,200
148,2026-08-25 18:32:21.806,Diana,Purchase,75.99,79.98,53,500
149,2026-08-25 18:32:22.744,Evan,Purchase,21.33,61.27,314,404
150,2026-08-25 18:32:19.044,Julia,Login,74.78,89.96,98,304
151,2026-08-25 18:32:21.636,Evan,Upload,61.97,29.5,109,404
152,2026-08-25 18:32:18.334,Alice,Logout,87.06,41.88,319,200
153,2026-08-25 18:32:19.578,Julia,Upload,21.36,69.03,132,200
154,2026-08-25 18:32:17.296,Fiona,Download,58.89,82.55,266,400
155,2026-08-25 18:32:20.564,Charlie,Logout,66.74,82.91,335,500
156,2026-08-25 18:32:22.938,George,Download,53.12,31.23,10,200
157,2026-08-25 18:32:21.103,Julia,Download,10.32,60.57,312,404
158,2026-08-25 18:32:19.718,Ian,Download,86.63,44.21,314,304
159,2026-08-25 18:32:18.474,Hannah,Download,83.84,86.61,88,200
160,2026-08-25 18:32:19.454,Alice,Logout,70.19,68.95,359,200
161,2026-08-25 18:32:22.378,Charlie,View,66.07,36.38,430,200
162,2026-08-25 18:32:22.260,Julia,Upload,78.07,31.8,367,404
163,2026-08-25 18:32:17.739,Bob,View,37.66,74.25,219,404
164,2026-08-25 18:32:21.526,Julia,Download,10.52,36.97,110,200
165,2026-08-25 18:32:18.594,Julia,Search,66.86,38.25,48,200
166,2026-08-25 18:32:21.104,George,View,15.27,73.27,166,200
167,2026-08-25 18:32:20.137,Hannah,Search,49.76,50.35,84,201
168,2026-08-25 18:32:21.846,Hannah,Logout,10.46,22.3,116,200
169,2026-08-25 18:32:20.871,Diana,Search,43.49,35.82,394,200
170,2026-08-25 18:32:17.504,Julia,View,61.03,63.56,178,400
171,2026-08-25 18:32:23.844,George,Upload,75.28,55.57,322,200
172,2026-08-25 18:32:23.378,Diana,Search,15.83,59.67,386,400
173,2026-08-25 18:32:21.522,Charlie,Logout,67.45,41.01,146,200
174,2026-08-25 18:32:21.210,Alice,Login,28.58,75.0,331,404
175,2026-08-25 18:32:22.994,George,Search,38.52,26.3,383,200
176,2026-08-25 18:32:21.278,Hannah,Upload,9.06,72.49,270,201
177,2026-08-25 18:32:19.542,Charlie,Logout,40.97,74.09,334,200
178,2026-08-25 18:32:23.126,Evan,Upload,67.98,80.13,226,400
179,2026-08-25 18:32:17.979,Ian,Download,66.11,51.96,424,200
180,2026-08-25 18:32:21.594,Julia,Search,73.74,78.84,435,200
181,2026-08-25 18:32:17.647,Alice,Search,71.78,24.91,13,200
182,2026-08-25 18:32:23.848,Julia,Search,57.9,73.9,96,200
183,2026-08-25 18:32:17.673,Alice,Upload,45.92,70.4,142,200
184,2026-08-25 18:32:17.318,George,Login,70.77,78.73,20,201
185,2026-08-25 18:32:21.399,Hannah,Logout,39.94,24.68,110,200
186,2026-08-25 18:32:17.712,Diana,Purchase,21.47,50.93,85,200
187,2026-08-25 18:32:24.270,George,Search,55.4,78.77,60,200
188,2026-08-25 18:32:24.506,Bob,Download,12.24,75.2,180,500
189,2026-08-25 18:32:21.153,George,Search,54.25,29.15,261,404
190,2026-08-25 18:32:21.944,Evan,Login,52.71,21.81,165,500
191,2026-08-25 18:32:18.923,Diana,Search,88.13,62.1,414,400
192,2026-08-25 18:32:23.550,Fiona,Upload,51.57,57.14,184,404
193,2026-08-25 18:32:21.663,George,Login,57.51,40.82,63,200
194,2026-08-25 18:32:23.054,Charlie,Logout,54.07,41.25,311,404
195,2026-08-25 18:32:18.609,Fiona,Purchase,46.1,61.02,94,500
196,2026-08-25 18:32:24.506,Fiona,Download,8.05,21.35,354,200
197,2026-08-25 18:32:20.022,Diana,View,26.02,33.76,391,201
198,2026-08-25 18:32:20.442,Bob,Purchase,64.07,23.92,69,201
199,2026-08-25 18:32:18.876,Hannah,Download,9.61,87.58,186,200
200,2026-08-25 18:32:22.894,Evan,Purchase,9.24,64.11,260,404
201,2026-08-25 18:32:19.917,George,Logout,11.16,72.94,62,200
202,2026-08-25 18:32:17.314,Ian,Login,38.01,70.7,386,200
203,2026-08-25 18:32:21.790,Bob,Login,61.75,31.34,81,500
204,2026-08-25 18:32:20.190,Charlie,Download,21.49,57.26,448,200
205,2026-08-25 18:32:25.134,George,Upload,46.24,20.35,48,400
206,2026-08-25 18:32:17.354,Ian,Purchase,15.0,82.52,57,201
207,2026-08-25 18:32:18.606,Bob,Login,53.58,37.16,285,200
208,2026-08-25 18:32:21.742,Alice,Download,35.54,55.65,277,200
209,2026-08-25 18:32:25.535,George,Search,44.51,37.05,425,200
210,2026-08-25 18:32:24.324,Alice,Purchase,78.65,88.94,449,200
211,2026-08-25 18:32:20.780,Ian,Download,92.5,31.53,105,500
212,2026-08-25 18:32:23.138,Bob,View,73.6,21.02,37,400
213,2026-08-25 18:32:18.702,George,Purchase,54.33,51.15,196,200
214,2026-08-25 18:32:20.002,Diana,View,35.66,74.28,365,200
215,2026-08-25 18:32:21.529,Evan,Login,67.18,82.54,209,200
216,2026-08-25 18:32:17.454,Alice,Search,89.19,64.98,425,201
217,2026-08-25 18:32:20.285,Evan,Login,10.82,72.23,375,404
218,2026-08-25 18:32:23.578,Charlie,View,81.82,72.55,121,404
219,2026-08-25 18:32:25.587,George,Purchase,36.82,77.69,124,500
220,2026-08-25 18:32:24.754,Alice,Download,53.54,84.21,146,304
221,2026-08-25 18:32:18.388,Fiona,Login,71.86,63.12,174,404
222,2026-08-25 18:32:20.844,Julia,Purchase,27.02,42.67,205,200
223,2026-08-25 18:32:19.754,Charlie,Login,18.25,23.65,333,500
224,2026-08-25 18:32:23.134,Fiona,Login,79.46,86.87,359,400
225,2026-08-25 18:32:23.169,George,Download,82.62,23.47,104,200
226,2026-08-25 18:32:24.560,Charlie,Search,22.93,36.88,189,304
227,2026-08-25 18:32:18.926,Evan,Purchase,16.25,35.5,170,200
228,2026-08-25 18:32:20.082,Bob,Logout,69.44,57.84,419,200
229,2026-08-25 18:32:24.683,Hannah,View,55.5,72.58,154,400
230,2026-08-25 18:32:21.734,Ian,View,32.13,32.31,411,500
231,2026-08-25 18:32:25.689,Ian,Upload,26.1,59.7,56,200
232,2026-08-25 18:32:19.702,George,Logout,16.77,87.3,167,200
233,2026-08-25 18:32:21.818,Charlie,Login,9.16,86.22,434,200
234,2026-08-25 18:32:23.952,Bob,Search,90.12,45.87,220,201
235,2026-08-25 18:32:26.809,Fiona,View,34.72,24.05,407,200
236,2026-08-25 18:32:21.430,Ian,Upload,50.8,77.53,83,201
237,2026-08-25 18:32:25.485,Diana,Upload,89.58,58.03,190,200
238,2026-08-25 18:32:18.864,Hannah,Upload,58.04,75.04,269,200
239,2026-08-25 18:32:25.093,Julia,Logout,61.87,36.01,441,201
240,2026-08-25 18:32:25.854,Diana,Purchase,29.74,51.61,354,200
241,2026-08-25 18:32:25.175,Charlie,Purchase,7.32,40.72,170,200
242,2026-08-25 18:32:26.426,Ian,View,16.37,68.69,365,200
243,2026-08-25 18:32:17.967,Ian,Login,37.98,27.73,247,200
244,2026-08-25 18:32:24.566,Hannah,Logout,27.36,61.74,329,304
245,2026-08-25 18:32:27.054,Julia,Search,27.77,78.41,196,200
246,2026-08-25 18:32:19.230,Hannah,View,10.02,38.79,270,304
247,2026-08-25 18:32:24.186,Fiona,Purchase,52.61,39.01,291,200
248,2026-08-25 18:32:20.502,Diana,Purchase,50.63,50.78,96,404
249,2026-08-25 18:32:24.009,George,Login,28.14,22.45,439,201
250,2026-08-25 18:32:19.294,Bob,Upload,10.75,57.59,439,200
251,2026-08-25 18:32:27.593,Evan,Purchase,93.69,71.35,89,200
252,2026-08-25 18:32:20.082,Alice,Download,81.58,86.27,356,400
253,2026-08-25 18:32:23.137,Hannah,Download,47.14,57.82,227,400
254,2026-08-25 18:32:22.660,Diana,Logout,94.17,66.5,312,404
255,2026-08-25 18:32:26.769,George,Logout,15.31,34.97,54,200
256,2026-08-25 18:32:25.022,Diana,Login,41.16,36.11,110,200
257,2026-08-25 18:32:18.635,Evan,View,57.4,64.47,411,200
258,2026-08-25 18:32:18.390,Julia,Download,16.59,67.54,202,201
259,2026-08-25 18:32:21.251,George,Logout,28.78,58.9,160,200
260,2026-08-25 18:32:27.254,Hannah,Upload,78.47,68.13,330,304
261,2026-08-25 18:32:22.602,Alice,View,35.52,83.48,144,304
262,2026-08-25 18:32:23.416,Bob,Logout,75.76,70.77,433,304
263,2026-08-25 18:32:22.921,Alice,Search,84.52,83.0,38,200
264,2026-08-25 18:32:20.046,George,Download,77.33,71.14,214,200
265,2026-08-25 18:32:22.184,Bob,Purchase,71.05,62.77,293,200
266,2026-08-25 18:32:21.412,Hannah,Upload,65.65,67.93,160,400
267,2026-08-25 18:32:24.639,Ian,Logout,54.65,25.02,284,200
268,2026-08-25 18:32:23.870,Bob,Purchase,7.39,49.8,24,304
269,2026-08-25 18:32:24.440,Bob,Search,33.74,71.96,102,304
270,2026-08-25 18:32:23.664,Bob,Logout,91.11,72.64,115,500
271,2026-08-25 18:32:23.695,George,Login,93.52,78.65,358,500
272,2026-08-25 18:32:27.806,Evan,Purchase,66.05,70.99,35,201
273,2026-08-25 18:32:19.935,Diana,Search,58.19,62.09,412,200
274,2026-08-25 18:32:19.404,Hannah,Logout,13.43,62.58,184,400
275,2026-08-25 18:32:19.144,Hannah,Download,46.0,74.22,100,200
276,2026-08-25 18:32:24.954,Fiona,View,32.11,36.44,136,304
277,2026-08-25 18:32:23.604,Bob,View,36.96,54.41,404,404
278,2026-08-25 18:32:18.908,Bob,Purchase,48.02,66.73,337,200
279,2026-08-25 18:32:26.733,George,Search,15.16,27.58,36,200
280,2026-08-25 18:32:22.574,Charlie,View,34.48,32.04,31,200
281,2026-08-25 18:32:26.534,Diana,Purchase,11.09,84.35,405,200
282,2026-08-25 18:32:27.984,Charlie,Search,63.06,26.1,319,400
283,2026-08-25 18:32:24.350,Bob,View,85.54,81.27,385,200
284,2026-08-25 18:32:22.394,Diana,Logout,54.51,58.49,299,304
285,2026-08-25 18:32:18.429,Hannah,Download,16.02,55.77,294,200
286,2026-08-25 18:32:27.020,George,Login,44.89,27.09,22,200
287,2026-08-25 18:32:29.357,Julia,Download,34.42,80.37,106,200
288,2026-08-25 18:32:24.510,Charlie,Login,88.86,82.48,309,201
289,2026-08-25 18:32:23.097,Julia,Search,62.58,20.18,388,404
290,2026-08-25 18:32:19.644,Ian,Upload,61.28,85.87,76,304
291,2026-08-25 18:32:23.733,Diana,Purchase,58.8,79.4,428,500
292,2026-08-25 18:32:24.638,Hannah,Purchase,51.71,65.31,391,201
293,2026-08-25 18:32:19.103,Charlie,Upload,94.74,78.5,304,200
294,2026-08-25 18:32:27.348,Hannah,Purchase,40.34,89.14,73,200
295,2026-08-25 18:32:24.144,Fiona,Upload,33.64,45.01,301,500
296,2026-08-25 18:32:21.214,Charlie,Search,25.41,81.0,305,400
297,2026-08-25 18:32:25.689,Ian,View,8.82,42.06,113,200
298,2026-08-25 18:32:19.168,Charlie,Search,62.22,49.97,399,200
299,2026-08-25 18:32:29.048,Evan,Search,5.72,78.36,11,200
300,2026-08-25 18:32:28.194,Evan,Search,55.47,47.67,320,200
301,2026-08-25 18:32:29.140,Bob,Login,55.79,52.33,398,500
302,2026-08-25 18:32:20.126,Alice,View,85.48,24.67,93,400
303,2026-08-25 18:32:21.657,Ian,Download,90.82,62.23,406,201
304,2026-08-25 18:32:29.886,Fiona,Search,54.54,89.31,201,200
305,2026-08-25 18:32:26.274,George,Purchase,67.56,57.94,344,500
306,2026-08-25 18:32:26.004,Diana,Logout,19.41,53.55,318,200
307,2026-08-25 18:32:29.723,Hannah,View,5.44,75.02,149,200
308,2026-08-25 18:32:28.538,Charlie,Login,42.63,63.08,298,404
309,2026-08-25 18:32:30.435,Fiona,View,80.35,25.02,88,400
310,2026-08-25 18:32:20.874,Fiona,Upload,69.71,81.41,209,200
311,2026-08-25 18:32:20.270,Fiona,Upload,11.77,82.45,31,200
312,2026-08-25 18:32:29.022,Evan,View,41.46,23.4,230,200
313,2026-08-25 18:32:30.005,Charlie,Logout,5.33,86.5,211,500
314,2026-08-25 18:32:23.144,Diana,Download,21.02,48.39,161,201
315,2026-08-25 18:32:22.854,Charlie,Search,43.74,43.92,252,200
316,2026-08-25 18:32:19.086,Alice,Login,40.75,56.45,273,400
317,2026-08-25 18:32:25.438,Fiona,Logout,54.9,54.81,53,400
318,2026-08-25 18:32:23.880,Charlie,Logout,36.76,30.43,250,200
319,2026-08-25 18:32:25.183,Charlie,Purchase,50.88,63.67,394,500
320,2026-08-25 18:32:24.894,George,Upload,11.29,29.33,54,404
321,2026-08-25 18:32:22.035,Fiona,Download,14.13,66.2,304,200
322,2026-08-25 18:32:29.462,Julia,View,20.22,36.37,212,200
323,2026-08-25 18:32:18.847,Fiona,Download,76.0,25.0,408,400
324,2026-08-25 18:32:28.902,Charlie,Purchase,53.37,38.6,331,200
325,2026-08-25 18:32:25.044,Charlie,Login,70.36,60.94,340,404
326,2026-08-25 18:32:22.792,Charlie,Search,13.15,23.6,110,200
327,2026-08-25 18:32:26.739,Bob,Logout,21.36,87.19,26,200
328,2026-08-25 18:32:25.462,Alice,Login,79.94,20.34,201,500
329,2026-08-25 18:32:28.125,Hannah,View,31.0,78.6,424,201
330,2026-08-25 18:32:30.474,Ian,Purchase,77.64,80.37,50,200
331,2026-08-25 18:32:21.252,Diana,Download,71.6,54.32,26,200
332,2026-08-25 18:32:20.606,Fiona,Login,7.84,88.0,426,201
333,2026-08-25 18:32:23.952,Julia,Search,52.41,66.11,78,304
334,2026-08-25 18:32:18.634,Bob,Logout,76.63,83.38,248,200
335,2026-08-25 18:32:28.694,Ian,Upload,17.39,46.91,359,400
336,2026-08-25 18:32:23.022,Evan,Upload,16.68,88.5,11,304
337,2026-08-25 18:32:32.144,Ian,Logout,18.77,62.6,10,200
338,2026-08-25 18:32:20.364,Alice,Purchase,86.8,89.94,16,304
339,2026-08-25 18:32:31.905,Hannah,Download,16.58,59.8,322,500
340,2026-08-25 18:32:24.134,Hannah,Login,63.87,75.09,276,500
341,2026-08-25 18:32:29.616,Fiona,Download,92.43,74.78,147,400
342,2026-08-25 18:32:29.658,George,Login,5.87,83.25,203,500
343,2026-08-25 18:32:29.014,George,Download,44.18,40.97,34,201
344,2026-08-25 18:32:29.742,Hannah,View,76.33,81.74,123,500
345,2026-08-25 18:32:19.434,Charlie,Search,12.28,68.36,301,404
346,2026-08-25 18:32:31.210,Evan,Logout,28.4,33.34,56,201
347,2026-08-25 18:32:25.010,Fiona,View,31.19,73.16,204,200
348,2026-08-25 18:32:22.950,Ian,Download,19.42,28.15,25,200
349,2026-08-25 18:32:25.415,Diana,Login,10.65,59.04,16,200
350,2026-08-25 18:32:19.844,Fiona,Logout,89.18,29.92,35,200
351,2026-08-25 18:32:31.791,Charlie,Purchase,87.3,72.53,383,200
352,2026-08-25 18:32:28.318,Diana,View,59.53,26.95,275,200
353,2026-08-25 18:32:25.884,Diana,Logout,92.6,61.38,127,304
354,2026-08-25 18:32:29.454,Bob,Logout,72.65,70.06,326,200
355,2026-08-25 18:32:20.619,Fiona,View,69.58,21.96,379,500
356,2026-08-25 18:32:33.094,George,Logout,26.38,49.11,99,304
357,2026-08-25 18:32:33.144,Ian,Search,61.78,62.81,380,400
358,2026-08-25 18:32:29.972,Diana,Purchase,30.83,62.91,285,400
359,2026-08-25 18:32:27.859,Bob,Purchase,36.8,24.69,302,200
360,2026-08-25 18:32:24.654,Bob,Purchase,51.73,48.91,208,404
361,2026-08-25 18:32:26.124,Bob,Download,88.16,68.88,145,404
362,2026-08-25 18:32:21.086,Julia,Logout,73.08,36.05,121,200
363,2026-08-25 18:32:20.376,Charlie,Purchase,42.14,73.35,392,200
364,2026-08-25 18:32:23.666,Alice,View,28.56,28.17,175,200
365,2026-08-25 18:32:21.134,Ian,Purchase,42.41,58.45,344,201
366,2026-08-25 18:32:26.640,Hannah,Upload,78.61,41.49,107,404
367,2026-08-25 18:32:27.772,Julia,Upload,46.47,21.61,219,201
368,2026-08-25 18:32:25.230,Charlie,Search,64.56,22.09,345,200
369,2026-08-25 18:32:32.637,Hannah,Purchase,91.03,33.85,156,201
370,2026-08-25 18:32:24.914,Diana,Purchase,79.21,62.73,113,200
371,2026-08-25 18:32:21.230,Charlie,Search,15.96,75.75,355,500
372,2026-08-25 18:32:25.338,Charlie,Upload,9.66,48.67,199,200
373,2026-08-25 18:32:31.333,Alice,View,62.83,69.56,28,404
374,2026-08-25 18:32:20.904,Julia,Logout,93.71,84.52,171,200
375,2026-08-25 18:32:26.919,George,Logout,73.1,83.25,371,500
376,2026-08-25 18:32:31.838,Bob,Search,41.52,86.16,27,200
377,2026-08-25 18:32:24.719,Charlie,Upload,57.26,21.22,428,200
378,2026-08-25 18:32:23.610,Charlie,Upload,85.88,33.32,83,200
379,2026-08-25 18:32:28.938,Diana,Upload,52.8,42.23,110,200
380,2026-08-25 18:32:27.834,Charlie,Logout,5.18,31.7,321,200
381,2026-08-25 18:32:33.582,Julia,Download,92.23,50.48,173,200
382,2026-08-25 18:32:21.788,Hannah,Logout,51.57,31.71,439,200
383,2026-08-25 18:32:24.869,Charlie,Purchase,27.75,61.71,219,400
384,2026-08-25 18:32:31.038,Bob,Upload,84.84,50.23,438,200
385,2026-08-25 18:32:24.919,Fiona,View,85.45,33.53,122,200
386,2026-08-25 18:32:28.804,Evan,View,27.01,74.86,103,200
387,2026-08-25 18:32:20.325,Charlie,Upload,68.9,22.0,25,500
388,2026-08-25 18:32:27.322,Evan,View,66.23,42.17,17,200
389,2026-08-25 18:32:28.909,Fiona,View,31.24,47.93,202,200
390,2026-08-25 18:32:21.534,Fiona,View,85.3,50.94,442,404
391,2026-08-25 18:32:19.986,Fiona,Logout,20.08,33.55,74,500
392,2026-08-25 18:32:25.486,Hannah,Purchase,40.32,46.7,373,200
393,2026-08-25 18:32:26.691,Fiona,Search,54.61,25.51,280,304
394,2026-08-25 18:32:32.236,Fiona,View,5.22,68.48,405,200
395,2026-08-25 18:32:33.069,Charlie,Search,19.74,86.45,123,404
396,2026-08-25 18:32:30.738,Fiona,View,25.15,87.86,298,201
397,2026-08-25 18:32:35.144,Ian,Purchase,29.51,38.47,176,404
398,2026-08-25 18:32:23.652,Hannah,Login,68.51,60.57,211,200
399,2026-08-25 18:32:26.466,Ian,Logout,20.01,51.06,265,500
400,2026-08-25 18:32:21.294,Bob,Download,26.4,43.41,287,200
401,2026-08-25 18:32:28.126,Diana,Login,47.29,65.21,37,200
402,2026-08-25 18:32:22.530,Bob,View,23.63,77.36,242,201
403,2026-08-25 18:32:33.026,George,Search,40.21,32.68,112,304
404,2026-08-25 18:32:20.950,Diana,Logout,23.42,48.28,248,200
405,2026-08-25 18:32:22.179,Hannah,Logout,6.59,74.07,196,200
406,2026-08-25 18:32:34.376,Bob,Login,36.49,22.14,122,200
407,2026-08-25 18:32:31.167,Fiona,Logout,12.16,71.48,176,200
408,2026-08-25 18:32:26.310,Julia,Upload,51.09,31.15,304,201
409,2026-08-25 18:32:20.611,George,Purchase,30.27,64.78,68,404
410,2026-08-25 18:32:26.774,Fiona,Logout,86.12,88.54,45,400
411,2026-08-25 18:32:27.624,Charlie,Login,46.53,61.82,185,201
412,2026-08-25 18:32:30.950,Alice,Login,46.99,63.94,318,200
413,2026-08-25 18:32:30.988,Fiona,Purchase,47.38,39.63,389,500
414,2026-08-25 18:32:20.676,George,View,49.09,31.75,308,200
415,2026-08-25 18:32:28.159,Bob,Login,32.66,60.81,200,200
416,2026-08-25 18:32:21.534,Hannah,Purchase,59.98,64.43,28,200
417,2026-08-25 18:32:21.132,Bob,Upload,38.04,60.98,390,201
418,2026-08-25 18:32:30.342,Bob,Download,77.57,26.24,81,304
419,2026-08-25 18:32:24.931,Bob,View,26.22,28.08,236,200
420,2026-08-25 18:32:22.854,Diana,Purchase,60.76,54.62,370,200
421,2026-08-25 18:32:30.871,Charlie,View,78.93,46.75,262,200
422,2026-08-25 18:32:23.734,Charlie,Logout,33.55,27.06,396,201
423,2026-08-25 18:32:33.906,Alice,Download,73.73,24.62,163,200
424,2026-08-25 18:32:29.710,Hannah,Search,37.12,37.52,197,304
425,2026-08-25 18:32:33.144,Ian,Login,55.7,87.19,357,400
426,2026-08-25 18:32:27.648,Fiona,Login,90.64,56.65,270,200
427,2026-08-25 18:32:34.082,Fiona,View,47.51,38.74,282,200
428,2026-08-25 18:32:20.858,Ian,Logout,40.46,45.48,381,200
429,2026-08-25 18:32:23.445,Julia,View,31.58,35.72,196,404
430,2026-08-25 18:32:35.934,Ian,Logout,63.99,53.74,210,200
431,2026-08-25 18:32:29.948,Diana,Logout,72.96,29.42,221,200
432,2026-08-25 18:32:29.550,Charlie,Login,75.93,69.1,147,400
433,2026-08-25 18:32:29.150,George,Purchase,36.58,71.18,273,304
434,2026-08-25 18:32:30.918,Bob,Logout,66.83,71.81,440,400
435,2026-08-25 18:32:31.824,Evan,View,35.6,23.92,156,200
436,2026-08-25 18:32:36.222,Ian,Upload,29.4,59.05,341,404
437,2026-08-25 18:32:21.849,Julia,Download,29.28,72.91,192,200
438,2026-08-25 18:32:26.244,Bob,Login,63.42,78.06,157,404
439,2026-08-25 18:32:25.830,Julia,Logout,19.05,88.93,247,200
440,2026-08-25 18:32:33.334,Diana,Search,56.34,70.64,79,200
441,2026-08-25 18:32:27.642,Alice,Purchase,46.64,68.74,150,400
442,2026-08-25 18:32:31.206,Evan,Logout,45.85,45.24,264,304
443,2026-08-25 18:32:35.672,Diana,Logout,16.37,88.53,99,200
444,2026-08-25 18:32:28.614,Bob,Upload,85.43,72.32,211,200
445,2026-08-25 18:32:26.419,George,Purchase,89.22,58.27,89,500
446,2026-08-25 18:32:22.876,Ian,Download,58.24,41.15,271,200
447,2026-08-25 18:32:34.515,Alice,View,48.44,77.79,157,200
448,2026-08-25 18:32:33.214,Alice,Upload,89.82,81.58,232,200
449,2026-08-25 18:32:34.152,Ian,View,32.97,36.68,151,200
450,2026-08-25 18:32:37.344,Bob,Upload,29.67,74.92,38,304
451,2026-08-25 18:32:25.216,Charlie,Login,56.56,27.89,379,500
452,2026-08-25 18:32:22.978,Julia,Search,43.42,40.0,345,404
453,2026-08-25 18:32:24.807,Julia,Download,14.53,61.73,97,201
454,2026-08-25 18:32:31.638,Charlie,Purchase,30.79,74.71,176,200
455,2026-08-25 18:32:27.579,Julia,View,30.26,56.61,260,400
456,2026-08-25 18:32:28.518,George,Logout,31.2,42.79,405,200
457,2026-08-25 18:32:19.864,Charlie,View,74.95,73.36,46,500
458,2026-08-25 18:32:26.286,Bob,Upload,20.05,51.61,72,404
459,2026-08-25 18:32:28.146,Julia,Logout,85.58,74.28,344,201
460,2026-08-25 18:32:23.574,Charlie,Purchase,40.07,61.01,106,201
461,2026-08-25 18:32:37.422,Hannah,Search,40.69,66.38,217,201
462,2026-08-25 18:32:30.078,Fiona,Download,27.53,89.1,187,500
463,2026-08-25 18:32:33.351,Ian,Login,36.54,33.68,122,201
464,2026-08-25 18:32:38.494,Charlie,Logout,76.71,25.36,374,200
465,2026-08-25 18:32:36.684,Diana,Purchase,77.19,42.56,292,200
466,2026-08-25 18:32:37.662,Evan,Upload,34.4,55.63,261,200
467,2026-08-25 18:32:26.502,Evan,Search,52.17,36.22,43,500
468,2026-08-25 18:32:25.122,Bob,Logout,33.35,24.82,367,201
469,2026-08-25 18:32:28.895,Hannah,Login,35.1,65.28,444,400
470,2026-08-25 18:32:33.154,Ian,Login,57.77,72.33,211,200
471,2026-08-25 18:32:27.540,George,Logout,88.77,78.42,376,404
472,2026-08-25 18:32:32.286,Charlie,Login,42.24,65.72,28,304
473,2026-08-25 18:32:28.065,Bob,Upload,52.17,55.32,203,500
474,2026-08-25 18:32:33.780,Hannah,Download,17.27,64.03,106,304
475,2026-08-25 18:32:39.044,Alice,Search,60.58,70.82,305,304
476,2026-08-25 18:32:31.478,Alice,Purchase,75.0,84.49,312,200
477,2026-08-25 18:32:26.265,George,Upload,74.91,56.57,16,500
478,2026-08-25 18:32:38.238,Alice,Purchase,80.36,72.95,61,500
479,2026-08-25 18:32:38.286,Fiona,Login,56.95,25.53,169,200
480,2026-08-25 18:32:36.894,Hannah,Search,86.13,84.81,243,201
481,2026-08-25 18:32:28.281,Diana,Upload,27.75,69.38,193,404
482,2026-08-25 18:32:29.754,Evan,View,49.14,28.59,30,201
483,2026-08-25 18:32:32.199,Ian,Logout,36.39,47.14,115,404
484,2026-08-25 18:32:32.234,Bob,Login,43.48,60.11,144,200
485,2026-08-25 18:32:26.449,Fiona,Logout,13.17,76.52,26,200
486,2026-08-25 18:32:35.706,Fiona,Purchase,87.35,79.42,122,200
487,2026-08-25 18:32:26.495,Julia,Purchase,21.7,32.15,345,201
488,2026-08-25 18:32:30.910,Ian,View,40.51,36.85,112,200
489,2026-08-25 18:32:27.519,Fiona,Search,64.49,63.23,18,304
490,2026-08-25 18:32:32.934,Julia,Logout,51.07,85.16,378,200
491,2026-08-25 18:32:22.168,Alice,Logout,53.56,54.89,98,200
492,2026-08-25 18:32:34.974,Hannah,Purchase,82.2,39.95,44,200
493,2026-08-25 18:32:39.944,Fiona,View,91.94,31.29,281,200
494,2026-08-25 18:32:32.584,Hannah,Logout,71.45,71.32,307,201
495,2026-08-25 18:32:32.124,Hannah,Purchase,61.97,36.38,401,404
496,2026-08-25 18:32:28.686,Bob,View,27.29,55.31,439,500
497,2026-08-25 18:32:37.659,Charlie,View,59.33,68.08,286,400
498,2026-08-25 18:32:21.768,Bob,Purchase,69.89,89.87,379,404
499,2026-08-25 18:32:37.250,Ian,Logout,43.58,35.06,256,400
500,2026-08-25 18:32:29.794,Diana,Login,78.93,27.27,173,304
501,2026-08-25 18:32:28.320,Fiona,Login,84.57,68.23,178,404
502,2026-08-25 18:32:29.852,Alice,View,29.27,60.39,348,400
503,2026-08-25 18:32:32.899,George,Login,73.3,50.1,11,400
504,2026-08-25 18:32:25.374,Diana,Download,38.65,79.11,412,200
505,2026-08-25 18:32:35.494,Diana,Login,59.36,53.6,303,400
506,2026-08-25 18:32:22.884,Charlie,Search,33.83,74.53,57,500
507,2026-08-25 18:32:28.476,Fiona,Logout,51.94,70.52,435,200
508,2026-08-25 18:32:21.898,Diana,Upload,74.0,49.63,38,200
509,2026-08-25 18:32:25.474,Diana,Upload,41.54,22.11,312,200
510,2026-08-25 18:32:23.454,Diana,Upload,81.63,51.72,348,200
511,2026-08-25 18:32:39.311,Bob,Upload,92.31,22.8,94,400
512,2026-08-25 18:32:23.486,George,Upload,85.7,25.55,312,201
513,2026-08-25 18:32:25.041,Charlie,Search,82.23,74.97,411,404
514,2026-08-25 18:32:29.172,Evan,Download,92.26,31.17,129,200
515,2026-08-25 18:32:31.259,Ian,Login,26.59,34.7,232,304
516,2026-08-25 18:32:20.454,Alice,Login,6.3,78.87,358,200
517,2026-08-25 18:32:39.593,Evan,Purchase,28.88,41.6,191,304
518,2026-08-25 18:32:20.474,Diana,Logout,60.4,45.76,434,200
519,2026-08-25 18:32:24.636,Alice,View,86.78,38.8,21,404
520,2026-08-25 18:32:20.494,Alice,View,82.62,72.22,38,304
521,2026-08-25 18:32:41.344,Fiona,Upload,16.76,37.18,348,304
522,2026-08-25 18:32:29.388,Fiona,Purchase,54.42,58.15,172,200
523,2026-08-25 18:32:31.507,Julia,Login,18.5,83.31,142,404
524,2026-08-25 18:32:32.062,Ian,View,11.14,76.35,161,200
525,2026-08-25 18:32:32.094,Julia,Login,31.73,79.48,411,404
526,2026-08-25 18:32:22.658,George,Purchase,77.72,67.98,157,200
527,2026-08-25 18:32:39.009,Alice,Download,62.47,82.92,312,304
528,2026-08-25 18:32:27.438,Alice,Upload,66.24,75.48,400,400
529,2026-08-25 18:32:30.106,Julia,Upload,12.11,74.52,402,200
530,2026-08-25 18:32:38.614,George,Purchase,71.24,85.19,83,200
531,2026-08-25 18:32:30.693,Fiona,Upload,38.0,28.68,204,304
532,2026-08-25 18:32:28.062,Julia,Download,74.88,25.76,184,400
533,2026-08-25 18:32:21.157,Evan,Login,15.6,39.35,297,200
534,2026-08-25 18:32:41.994,Diana,View,11.04,86.35,342,200
535,2026-08-25 18:32:25.459,Hannah,Logout,73.67,77.86,325,400
536,2026-08-25 18:32:39.414,Ian,Login,8.14,20.93,402,200
537,2026-08-25 18:32:28.182,Ian,Logout,27.58,48.95,260,201
538,2026-08-25 18:32:24.440,Fiona,Search,61.63,74.55,417,304
539,2026-08-25 18:32:35.237,Evan,Logout,78.97,59.94,130,304
540,2026-08-25 18:32:21.774,Julia,View,62.56,30.68,426,500
541,2026-08-25 18:32:39.098,George,Purchase,22.83,75.19,138,500
542,2026-08-25 18:32:20.714,Julia,Search,38.67,21.17,377,404
543,2026-08-25 18:32:28.869,Diana,Search,60.16,39.19,369,200
544,2026-08-25 18:32:41.950,Bob,Login,51.24,38.31,413,404
545,2026-08-25 18:32:35.459,Julia,View,7.54,49.16,208,200
546,2026-08-25 18:32:38.772,Julia,Download,86.94,80.04,345,200
547,2026-08-25 18:32:36.080,Fiona,Download,83.1,28.18,56,304
548,2026-08-25 18:32:41.050,Charlie,Search,35.47,88.32,160,304
549,2026-08-25 18:32:30.666,Julia,Upload,11.43,51.36,113,201
550,2026-08-25 18:32:25.744,Evan,View,77.73,28.47,52,200
551,2026-08-25 18:32:39.538,George,Purchase,27.4,76.55,361,201
552,2026-08-25 18:32:39.582,Fiona,Purchase,14.35,84.64,64,200
553,2026-08-25 18:32:31.331,Charlie,Login,84.38,46.32,233,200
554,2026-08-25 18:32:41.886,Bob,Logout,62.24,88.71,110,200
555,2026-08-25 18:32:24.174,Hannah,Download,6.93,36.95,267,200
556,2026-08-25 18:32:37.534,Julia,Login,85.98,65.35,123,400
557,2026-08-25 18:32:35.903,Hannah,Download,50.23,20.74,72,400
558,2026-08-25 18:32:21.990,Bob,Login,21.03,56.83,438,404
559,2026-08-25 18:32:39.331,Bob,Login,83.05,41.56,414,304
560,2026-08-25 18:32:28.734,Charlie,View,41.68,31.96,315,200
561,2026-08-25 18:32:29.880,Julia,View,67.42,59.44,35,200
562,2026-08-25 18:32:32.716,Ian,Upload,61.98,52.6,337,201
563,2026-08-25 18:32:31.621,Evan,Search,74.09,25.59,82,500
564,2026-08-25 18:32:23.190,George,View,79.47,25.02,292,500
565,2026-08-25 18:32:33.939,Bob,View,30.26,23.43,232,500
566,2026-08-25 18:32:32.274,Hannah,Logout,44.95,49.25,341,404
567,2026-08-25 18:32:32.871,Diana,Login,20.87,63.89,140,404
568,2026-08-25 18:32:24.950,Fiona,Login,6.15,45.42,436,404
569,2026-08-25 18:32:36.916,George,Upload,55.98,89.14,258,200
570,2026-08-25 18:32:42.084,Hannah,Upload,79.38,27.26,364,500
571,2026-08-25 18:32:37.563,Fiona,Login,89.04,36.0,155,500
572,2026-08-25 18:32:27.306,Evan,Logout,66.45,88.13,391,400
573,2026-08-25 18:32:30.192,Diana,Purchase,94.69,71.97,239,404
574,2026-08-25 18:32:21.034,George,Purchase,50.6,67.82,244,404
575,2026-08-25 18:32:34.269,Charlie,Purchase,39.48,21.77,16,304
576,2026-08-25 18:32:21.054,Diana,Purchase,60.93,52.95,346,500
577,2026-08-25 18:32:21.641,Evan,Download,70.41,66.76,375,304
578,2026-08-25 18:32:23.386,Hannah,Login,64.66,65.78,89,400
579,2026-08-25 18:32:22.242,Ian,Download,83.64,47.34,44,200
580,2026-08-25 18:32:26.894,Evan,Purchase,54.06,23.69,220,200
581,2026-08-25 18:32:28.076,Charlie,Search,45.75,80.41,160,201
582,2026-08-25 18:32:42.648,Diana,Search,31.91,41.07,389,200
583,2026-08-25 18:32:39.780,Diana,Download,45.36,22.78,428,200
584,2026-08-25 18:32:27.558,Fiona,Logout,57.31,23.89,324,200
585,2026-08-25 18:32:36.354,Bob,View,45.03,63.99,204,304
586,2026-08-25 18:32:27.014,Julia,Logout,59.0,65.57,301,200
587,2026-08-25 18:32:33.491,Charlie,Purchase,41.86,53.52,436,200
588,2026-08-25 18:32:31.170,Bob,Upload,43.69,67.74,360,200
589,2026-08-25 18:32:32.375,Fiona,Upload,89.98,61.39,273,404
590,2026-08-25 18:32:28.864,Alice,Upload,92.03,76.55,151,200
591,2026-08-25 18:32:36.570,Alice,Download,28.28,45.61,131,200
592,2026-08-25 18:32:30.094,George,Login,7.46,73.95,63,304
593,2026-08-25 18:32:33.084,George,Download,47.13,82.15,156,200
594,2026-08-25 18:32:44.994,Ian,Purchase,25.61,41.15,322,200
595,2026-08-25 18:32:28.979,Diana,Search,60.34,71.56,10,201
596,2026-08-25 18:32:31.982,Julia,View,94.17,61.45,425,200
597,2026-08-25 18:32:35.592,Julia,View,6.79,25.41,413,200
598,2026-08-25 18:32:41.008,Alice,Upload,52.7,82.65,180,200
599,2026-08-25 18:32:31.467,Ian,Search,45.34,29.83,124,304
600,2026-08-25 18:32:31.494,Evan,Search,83.12,42.62,158,400
601,2026-08-25 18:32:30.319,Bob,Search,36.93,72.07,393,200
602,2026-08-25 18:32:29.140,Julia,Download,32.86,81.67,150,304
603,2026-08-25 18:32:25.545,Hannah,Login,75.34,67.95,187,200
604,2026-08-25 18:32:32.206,Alice,Login,84.19,81.01,372,200
605,2026-08-25 18:32:43.124,Bob,Logout,16.27,45.87,176,400
606,2026-08-25 18:32:43.776,Hannah,Search,49.37,59.07,85,500
607,2026-08-25 18:32:22.578,Bob,Search,67.51,69.76,92,200
608,2026-08-25 18:32:26.846,George,Logout,90.51,59.8,187,200
609,2026-08-25 18:32:30.519,Bob,Login,41.06,73.57,244,201
610,2026-08-25 18:32:40.914,Charlie,View,32.91,37.96,340,201
611,2026-08-25 18:32:22.015,Alice,Purchase,40.39,34.71,129,400
612,2026-08-25 18:32:29.982,Bob,Search,92.82,63.98,254,200
613,2026-08-25 18:32:30.006,Ian,Upload,39.27,59.48,259,200
614,2026-08-25 18:32:43.538,Julia,Search,75.72,60.3,356,200
615,2026-08-25 18:32:30.054,Fiona,Logout,24.53,54.5,14,500
616,2026-08-25 18:32:43.014,Charlie,Download,48.92,63.17,47,500
617,2026-08-25 18:32:46.144,Julia,View,13.0,81.18,42,200
618,2026-08-25 18:32:30.744,Alice,Download,82.13,81.43,239,201
619,2026-08-25 18:32:28.293,Bob,Upload,53.14,24.72,320,400
620,2026-08-25 18:32:37.614,Hannah,Search,89.14,44.21,448,500
621,2026-08-25 18:32:30.198,Alice,Logout,76.86,41.56,444,404
622,2026-08-25 18:32:42.662,Julia,Download,18.78,33.8,414,201
623,2026-08-25 18:32:25.262,Evan,View,89.19,34.43,366,200
624,2026-08-25 18:32:45.870,George,Login,9.59,27.38,150,404
625,2026-08-25 18:32:39.044,Diana,Upload,69.13,46.37,176,500
626,2026-08-25 18:32:39.708,Ian,Purchase,76.23,61.98,59,200
627,2026-08-25 18:32:33.477,George,View,68.44,67.01,249,201
628,2026-08-25 18:32:44.182,Ian,Search,11.54,45.33,217,400
629,2026-08-25 18:32:38.567,Fiona,View,32.6,66.74,68,200
630,2026-08-25 18:32:35.454,Bob,Download,50.19,79.17,320,200
631,2026-08-25 18:32:31.069,Diana,Download,20.06,35.48,171,200
632,2026-08-25 18:32:26.670,Alice,Login,59.85,28.96,147,304
633,2026-08-25 18:32:41.247,Fiona,Login,66.86,52.0,401,304
634,2026-08-25 18:32:39.386,Hannah,View,20.98,45.39,197,200
635,2026-08-25 18:32:33.709,Hannah,Search,7.09,63.17,253,404
636,2026-08-25 18:32:27.378,Ian,Download,18.55,61.89,170,200
637,2026-08-25 18:32:41.411,Charlie,Upload,42.05,70.51,54,200
638,2026-08-25 18:32:24.864,Bob,Login,40.39,44.3,367,200
639,2026-08-25 18:32:33.186,George,Search,56.2,39.66,329,400
640,2026-08-25 18:32:40.254,George,Download,28.59,62.89,176,404
641,2026-08-25 18:32:30.037,Bob,Purchase,31.05,57.19,361,400
642,2026-08-25 18:32:30.060,George,Logout,14.69,67.54,296,500
643,2026-08-25 18:32:33.941,Julia,Download,68.71,85.53,361,500
644,2026-08-25 18:32:22.378,Julia,Purchase,35.55,24.84,374,200
645,2026-08-25 18:32:43.029,Hannah,Upload,76.74,21.74,443,201
646,2026-08-25 18:32:41.134,George,Upload,37.38,29.2,160,200
647,2026-08-25 18:32:39.880,Evan,View,76.31,47.05,106,201
648,2026-08-25 18:32:36.678,Alice,Login,28.15,50.03,241,304
649,2026-08-25 18:32:36.062,Bob,Login,7.9,63.89,422,404
650,2026-08-25 18:32:35.444,Diana,Logout,10.92,34.6,233,200
651,2026-08-25 18:32:24.408,Hannah,Purchase,11.66,23.27,24,200
652,2026-08-25 18:32:32.898,Evan,Purchase,88.84,30.63,291,200
653,2026-08-25 18:32:35.537,Evan,Download,73.5,60.15,160,404
654,2026-08-25 18:32:36.876,Hannah,Purchase,87.12,55.39,58,404
655,2026-08-25 18:32:31.014,Bob,Search,9.97,86.17,158,200
656,2026-08-25 18:32:48.094,Diana,Upload,6.18,87.21,107,200
657,2026-08-25 18:32:23.835,Fiona,Search,77.69,78.89,379,400
658,2026-08-25 18:32:27.138,Hannah,View,88.55,56.3,291,200
659,2026-08-25 18:32:22.543,Ian,Login,68.34,64.11,94,400
660,2026-08-25 18:32:28.494,Bob,View,12.01,22.02,123,304
661,2026-08-25 18:32:24.548,Ian,Purchase,77.22,51.89,42,200
662,2026-08-25 18:32:28.534,George,Upload,71.34,21.96,383,200
663,2026-08-25 18:32:38.499,Hannah,Purchase,48.29,78.52,215,400
664,2026-08-25 18:32:36.542,Evan,View,33.76,74.49,435,500
665,2026-08-25 18:32:39.234,Diana,Upload,55.2,38.5,412,304
666,2026-08-25 18:32:38.604,Fiona,View,67.25,70.45,189,201
667,2026-08-25 18:32:47.977,Fiona,Login,38.42,28.7,197,200
668,2026-08-25 18:32:33.330,Diana,View,81.38,89.42,443,200
669,2026-08-25 18:32:32.688,Bob,Purchase,43.99,63.41,442,304
670,2026-08-25 18:32:37.404,Diana,View,32.37,42.76,235,201
671,2026-08-25 18:32:23.346,Fiona,Upload,55.8,85.11,301,404
672,2026-08-25 18:32:31.422,Ian,Upload,43.34,39.3,38,200
673,2026-08-25 18:32:36.830,Bob,Search,24.66,59.88,160,200
674,2026-08-25 18:32:38.210,Bob,Search,73.25,71.9,203,200
675,2026-08-25 18:32:33.519,Fiona,Logout,23.48,63.82,102,500
676,2026-08-25 18:32:29.490,Fiona,Upload,64.83,53.44,24,400
677,2026-08-25 18:32:37.635,Evan,Login,24.21,53.3,112,200
678,2026-08-25 18:32:31.566,Hannah,View,8.59,28.86,363,500
679,2026-08-25 18:32:32.269,Ian,Download,50.44,89.63,292,200
680,2026-08-25 18:32:47.254,Alice,Upload,32.39,20.64,395,201
681,2026-08-25 18:32:27.552,Alice,Search,27.86,53.7,26,200
682,2026-08-25 18:32:22.114,Fiona,Search,56.85,81.08,101,200
683,2026-08-25 18:32:37.150,Alice,Login,30.13,32.88,87,500
684,2026-08-25 18:32:40.602,Bob,Purchase,7.2,25.36,154,200
685,2026-08-25 18:32:42.694,Ian,View,79.01,42.78,110,200
686,2026-08-25 18:32:30.386,Charlie,Logout,64.29,26.65,445,400
687,2026-08-25 18:32:42.774,Charlie,Search,90.11,45.86,223,200
688,2026-08-25 18:32:24.238,Fiona,Search,92.03,69.65,375,304
689,2026-08-25 18:32:49.055,George,Download,35.2,31.01,113,200
690,2026-08-25 18:32:40.824,Charlie,Purchase,71.49,23.44,83,200
691,2026-08-25 18:32:36.715,George,Search,19.38,52.67,183,400
692,2026-08-25 18:32:24.982,Diana,Download,33.88,54.05,271,500
693,2026-08-25 18:32:41.628,Julia,Purchase,40.43,80.35,246,200
694,2026-08-25 18:32:29.174,Fiona,Logout,69.47,63.76,273,404
695,2026-08-25 18:32:50.044,Julia,View,16.68,81.39,305,500
696,2026-08-25 18:32:35.478,Diana,Upload,76.5,52.79,206,500
697,2026-08-25 18:32:25.749,Alice,Download,22.04,61.08,105,200
698,2026-08-25 18:32:32.046,Fiona,Upload,21.07,75.08,336,500
699,2026-08-25 18:32:22.983,Julia,Logout,38.29,54.38,248,304
700,2026-08-25 18:32:38.394,Evan,View,17.95,74.33,444,200
701,2026-08-25 18:32:39.829,Alice,Download,92.39,42.71,112,200
702,2026-08-25 18:32:35.652,Diana,Login,54.36,26.5,129,304
703,2026-08-25 18:32:42.008,Diana,Upload,62.32,48.98,271,200
704,2026-08-25 18:32:25.854,Bob,Search,33.71,76.92,128,304
705,2026-08-25 18:32:38.559,Evan,Login,58.03,61.72,354,400
706,2026-08-25 18:32:27.296,George,Logout,50.02,48.66,301,200
707,2026-08-25 18:32:25.192,Julia,Login,51.24,32.04,204,200
708,2026-08-25 18:32:30.162,Ian,Download,58.62,32.95,368,200
709,2026-08-25 18:32:25.220,Ian,Search,53.44,33.44,34,200
710,2026-08-25 18:32:48.664,Ian,Upload,76.86,38.15,274,304
711,2026-08-25 18:32:50.133,Julia,Upload,8.85,87.42,307,200
712,2026-08-25 18:32:35.230,George,View,20.55,29.05,244,304
713,2026-08-25 18:32:36.684,Fiona,Upload,76.77,54.18,202,200
714,2026-08-25 18:32:50.280,Ian,Upload,68.18,21.74,301,200
715,2026-08-25 18:32:48.184,Hannah,Search,55.46,77.69,38,200
716,2026-08-25 18:32:51.094,Ian,Logout,7.28,71.42,449,200
717,2026-08-25 18:32:39.672,Alice,Logout,47.41,87.76,121,304
718,2026-08-25 18:32:36.834,Julia,Download,56.91,80.61,447,500
719,2026-08-25 18:32:36.864,Bob,Purchase,35.46,76.14,239,200
720,2026-08-25 18:32:31.134,Hannah,View,91.99,31.25,388,404
721,2026-08-25 18:32:23.225,Fiona,Search,81.18,46.06,38,200
722,2026-08-25 18:32:42.008,Charlie,Logout,41.93,81.03,254,304
723,2026-08-25 18:32:51.444,Charlie,Purchase,34.63,86.76,24,200
724,2026-08-25 18:32:31.946,Bob,View,45.22,25.17,376,201
725,2026-08-25 18:32:29.794,Julia,Purchase,78.48,48.82,72,500
726,2026-08-25 18:32:45.786,Ian,Search,24.14,22.22,428,400
727,2026-08-25 18:32:38.558,Alice,Purchase,92.4,43.38,421,200
728,2026-08-25 18:32:48.054,Diana,Purchase,50.08,72.53,266,500
729,2026-08-25 18:32:30.603,Fiona,Purchase,38.61,23.46,13,500
730,2026-08-25 18:32:45.224,Charlie,Download,92.6,47.06,384,304
731,2026-08-25 18:32:50.382,Alice,Purchase,47.19,75.88,93,200
732,2026-08-25 18:32:40.914,George,View,48.47,24.81,433,304
733,2026-08-25 18:32:39.483,Fiona,Download,32.68,72.17,421,200
734,2026-08-25 18:32:37.314,Fiona,Purchase,43.17,77.55,141,200
735,2026-08-25 18:32:35.139,Julia,Search,14.89,60.04,353,400
736,2026-08-25 18:32:33.694,Julia,Search,87.23,55.08,444,200
737,2026-08-25 18:32:44.037,Alice,Logout,58.61,85.85,424,304
738,2026-08-25 18:32:45.552,Charlie,Purchase,12.99,81.23,249,200
739,2026-08-25 18:32:24.162,George,Search,51.99,24.25,66,304
740,2026-08-25 18:32:46.374,Fiona,Logout,22.74,46.66,74,200
741,2026-08-25 18:32:51.603,Alice,Search,24.19,69.91,344,200
742,2026-08-25 18:32:49.426,Diana,Upload,42.99,63.96,68,304
743,2026-08-25 18:32:42.785,Bob,Login,26.78,70.89,380,404
744,2026-08-25 18:32:52.494,Diana,Login,75.29,34.06,292,304
745,2026-08-25 18:32:35.409,Julia,Login,7.45,80.78,99,200
746,2026-08-25 18:32:42.896,Diana,Purchase,27.94,88.62,431,500
747,2026-08-25 18:32:45.174,George,Upload,18.35,79.81,26,201
748,2026-08-25 18:32:28.010,Charlie,Upload,13.56,39.44,433,200
749,2026-08-25 18:32:26.529,Alice,Login,15.29,25.52,301,200
750,2026-08-25 18:32:50.544,Hannah,Download,54.05,80.8,300,200
751,2026-08-25 18:32:31.816,Hannah,Search,78.35,62.47,260,400
752,2026-08-25 18:32:25.822,Charlie,Purchase,34.56,59.52,239,200
753,2026-08-25 18:32:43.155,Hannah,Download,30.75,27.52,355,200
754,2026-08-25 18:32:37.160,George,Logout,48.36,24.59,105,200
755,2026-08-25 18:32:28.129,George,Logout,60.1,33.67,101,200
756,2026-08-25 18:32:39.486,Alice,Download,82.76,29.06,419,200
757,2026-08-25 18:32:22.864,Alice,Download,29.87,33.59,432,200
758,2026-08-25 18:32:38.034,Diana,Upload,86.28,54.37,306,200
759,2026-08-25 18:32:53.244,Julia,Purchase,30.73,70.36,354,200
760,2026-08-25 18:32:35.054,Bob,Upload,23.51,39.83,380,201
761,2026-08-25 18:32:38.885,Bob,Logout,10.18,48.96,252,200
762,2026-08-25 18:32:25.200,Bob,Login,59.72,85.07,291,500
763,2026-08-25 18:32:25.976,Hannah,Download,37.17,81.68,320,304
764,2026-08-25 18:32:35.158,Alice,View,58.82,78.63,171,200
765,2026-08-25 18:32:51.249,Ian,Upload,9.4,49.33,123,201
766,2026-08-25 18:32:42.104,Bob,View,32.28,38.4,268,200
767,2026-08-25 18:32:38.304,Charlie,Upload,65.04,34.65,68,500
768,2026-08-25 18:32:34.494,Hannah,Login,30.75,22.61,269,200
769,2026-08-25 18:32:42.209,Diana,View,11.4,62.58,248,201
770,2026-08-25 18:32:38.394,Evan,View,80.67,27.47,302,200
771,2026-08-25 18:32:29.172,Charlie,Login,77.97,82.71,198,404
772,2026-08-25 18:32:31.506,Hannah,Search,44.63,32.05,245,200
773,2026-08-25 18:32:23.797,Alice,Logout,23.69,22.01,285,500
774,2026-08-25 18:32:23.808,Bob,Logout,33.68,53.58,246,400
775,2026-08-25 18:32:42.419,Alice,Upload,70.33,45.89,241,200
776,2026-08-25 18:32:47.110,Hannah,Purchase,69.33,87.94,445,200
777,2026-08-25 18:32:37.827,Bob,Search,90.71,42.41,48,200
778,2026-08-25 18:32:29.298,Evan,Download,88.7,82.01,319,200
779,2026-08-25 18:32:26.200,Diana,Purchase,5.1,88.34,355,200
780,2026-08-25 18:32:51.954,Charlie,Purchase,40.89,54.79,229,400
781,2026-08-25 18:32:23.885,Ian,Upload,70.61,82.32,87,200
782,2026-08-25 18:32:52.048,Charlie,Purchase,16.32,87.74,224,201
783,2026-08-25 18:32:29.388,Hannah,Login,38.42,87.08,218,200
784,2026-08-25 18:32:23.918,Hannah,Upload,12.8,59.21,378,200
785,2026-08-25 18:32:50.619,Fiona,Logout,36.28,75.6,143,304
786,2026-08-25 18:32:39.660,Alice,Upload,15.92,53.95,355,400
787,2026-08-25 18:32:25.525,Fiona,Download,76.16,33.56,286,200
788,2026-08-25 18:32:39.722,Diana,Purchase,52.47,88.38,88,201
789,2026-08-25 18:32:51.588,Fiona,Purchase,37.77,57.5,327,400
790,2026-08-25 18:32:27.144,Evan,Login,35.56,25.52,260,200
791,2026-08-25 18:32:31.114,Julia,View,62.26,78.97,332,201
792,2026-08-25 18:32:43.806,Fiona,Logout,25.49,76.44,425,304
793,2026-08-25 18:32:44.635,Fiona,Login,29.94,64.35,409,404
794,2026-08-25 18:32:48.642,Charlie,Login,87.59,43.57,251,400
795,2026-08-25 18:32:35.964,Diana,Upload,40.74,71.75,102,200
796,2026-08-25 18:32:27.234,Hannah,Search,54.4,31.23,412,200
797,2026-08-25 18:32:51.956,Hannah,Logout,23.1,50.34,169,304
798,2026-08-25 18:32:52.002,George,Purchase,42.04,53.85,362,500
799,2026-08-25 18:32:50.450,Fiona,Logout,45.23,26.03,46,304
800,2026-08-25 18:32:44.094,George,Purchase,36.96,40.47,30,200
801,2026-08-25 18:32:36.921,Ian,Search,39.07,74.0,154,200
802,2026-08-25 18:32:33.740,Evan,Search,30.08,68.5,268,200
803,2026-08-25 18:32:37.778,Charlie,Login,42.17,54.62,294,201
804,2026-08-25 18:32:45.042,Bob,Upload,76.19,40.87,181,500
805,2026-08-25 18:32:37.029,Evan,Purchase,82.22,26.74,342,500
806,2026-08-25 18:32:24.966,Alice,Search,32.21,45.68,333,304
807,2026-08-25 18:32:47.574,Bob,Search,52.15,54.31,298,200
808,2026-08-25 18:32:36.302,Fiona,Download,75.62,38.61,425,400
809,2026-08-25 18:32:48.463,Ian,Login,57.58,45.97,281,200
810,2026-08-25 18:32:42.024,George,Purchase,33.62,56.82,46,200
811,2026-08-25 18:32:51.789,George,View,76.5,59.38,207,400
812,2026-08-25 18:32:41.278,Alice,Purchase,40.98,22.81,185,201
813,2026-08-25 18:32:47.814,Diana,Purchase,52.2,53.23,71,200
814,2026-08-25 18:32:55.180,Diana,Login,93.39,54.84,415,200
815,2026-08-25 18:32:46.264,Alice,Logout,9.73,43.64,373,404
816,2026-08-25 18:32:46.302,Fiona,Logout,34.48,78.57,244,200
817,2026-08-25 18:32:43.889,Hannah,View,58.68,47.68,69,200
818,2026-08-25 18:32:46.378,Alice,Upload,73.95,76.2,229,200
819,2026-08-25 18:32:37.407,Julia,Upload,88.33,85.97,327,200
820,2026-08-25 18:32:46.454,Julia,Download,92.35,76.32,204,200
821,2026-08-25 18:32:47.313,Hannah,View,72.85,86.59,178,400
822,2026-08-25 18:32:44.886,Diana,Search,25.51,39.2,166,500
823,2026-08-25 18:32:31.754,Hannah,Search,94.46,45.8,157,200
824,2026-08-25 18:32:49.902,George,Logout,35.45,30.25,231,304
825,2026-08-25 18:32:35.094,Fiona,Purchase,6.96,32.62,154,500
826,2026-08-25 18:32:41.726,Fiona,Logout,48.04,86.77,297,404
827,2026-08-25 18:32:35.142,George,Search,68.04,34.65,422,200
828,2026-08-25 18:32:25.230,Julia,View,43.34,47.47,268,200
829,2026-08-25 18:32:36.848,George,Upload,5.2,52.61,132,200
830,2026-08-25 18:32:35.214,Alice,Download,68.61,66.01,325,404
831,2026-08-25 18:32:52.689,Bob,Search,69.37,48.84,268,404
832,2026-08-25 18:32:49.406,George,View,6.73,65.04,72,304
833,2026-08-25 18:32:28.622,Alice,View,68.07,50.2,28,200
834,2026-08-25 18:32:40.314,Fiona,Search,31.2,60.54,444,400
835,2026-08-25 18:32:48.694,Julia,Logout,18.35,30.37,345,304
836,2026-08-25 18:32:28.670,Bob,Login,23.59,21.8,322,304
837,2026-08-25 18:32:38.730,Evan,Login,92.66,48.29,263,200
838,2026-08-25 18:32:37.082,Fiona,Upload,17.42,60.66,185,200
839,2026-08-25 18:32:30.396,Julia,Upload,44.2,60.08,136,304
840,2026-08-25 18:32:50.574,Bob,Login,57.6,83.43,122,400
841,2026-08-25 18:32:43.047,Ian,Purchase,85.3,48.76,413,404
842,2026-08-25 18:32:46.448,Hannah,Upload,18.73,63.73,298,304
843,2026-08-25 18:32:36.369,Julia,Purchase,63.42,53.36,65,200
844,2026-08-25 18:32:26.266,Julia,View,50.56,88.86,134,200
845,2026-08-25 18:32:25.434,Julia,View,18.41,40.57,405,200
846,2026-08-25 18:32:45.750,Diana,Login,50.32,89.85,373,304
847,2026-08-25 18:32:44.939,Alice,Login,78.32,67.65,388,200
848,2026-08-25 18:32:53.454,Fiona,Purchase,42.43,33.57,370,500
849,2026-08-25 18:32:46.707,Fiona,Purchase,79.17,63.09,263,500
850,2026-08-25 18:32:39.944,Hannah,Login,5.76,46.61,81,200
851,2026-08-25 18:32:42.526,George,Logout,20.45,79.28,266,200
852,2026-08-25 18:32:47.670,George,Login,33.85,21.77,83,200
853,2026-08-25 18:32:27.236,Bob,Login,35.21,22.19,407,304
854,2026-08-25 18:32:28.958,Diana,Login,45.87,57.38,150,200
855,2026-08-25 18:32:47.784,Julia,Upload,81.44,81.77,130,200
856,2026-08-25 18:32:26.422,Diana,Search,65.78,87.87,302,404
857,2026-08-25 18:32:54.716,Charlie,Login,5.92,81.68,375,200
858,2026-08-25 18:32:58.194,Evan,Logout,12.47,84.4,292,400
859,2026-08-25 18:32:45.359,Ian,View,69.68,84.02,117,200
860,2026-08-25 18:32:41.094,Hannah,Search,87.93,76.7,437,200
861,2026-08-25 18:32:58.344,Hannah,View,5.14,32.25,374,200
862,2026-08-25 18:32:54.084,George,Download,34.12,57.37,439,200
863,2026-08-25 18:32:37.732,Ian,Download,30.13,24.92,148,200
864,2026-08-25 18:32:51.582,Hannah,Purchase,55.09,64.18,191,200
865,2026-08-25 18:32:29.134,Fiona,Upload,71.75,56.27,107,200
866,2026-08-25 18:32:49.934,Alice,Logout,57.64,21.84,406,400
867,2026-08-25 18:32:47.373,Julia,Purchase,8.29,82.96,125,200
868,2026-08-25 18:32:48.278,Ian,View,8.86,85.27,350,500
869,2026-08-25 18:32:37.888,Julia,Login,65.39,27.55,248,201
870,2026-08-25 18:32:37.914,Evan,View,52.03,20.94,246,304
871,2026-08-25 18:32:51.005,Evan,Upload,5.57,75.68,112,200
872,2026-08-25 18:32:43.198,Alice,View,71.81,23.89,197,200
873,2026-08-25 18:32:50.214,Fiona,View,88.36,68.04,61,200
874,2026-08-25 18:32:48.506,Hannah,Login,36.29,38.47,128,404
875,2026-08-25 18:32:39.794,Ian,Logout,35.6,87.25,148,201
876,2026-08-25 18:32:29.310,Bob,Login,39.21,63.67,139,200
877,2026-08-25 18:32:53.005,Bob,Search,78.18,51.48,314,200
878,2026-08-25 18:32:25.830,Julia,Download,14.12,33.0,387,200
879,2026-08-25 18:32:47.817,Hannah,Logout,49.1,44.58,56,201
880,2026-08-25 18:32:40.814,Diana,Search,50.71,85.62,199,404
881,2026-08-25 18:32:27.628,Hannah,View,73.76,86.19,16,500
882,2026-08-25 18:32:41.754,Fiona,Purchase,41.56,67.89,188,200
883,2026-08-25 18:32:34.720,Evan,Login,13.6,34.23,179,200
884,2026-08-25 18:32:36.510,Charlie,Login,10.23,68.67,171,200
885,2026-08-25 18:32:59.544,George,Download,93.55,56.49,276,201
886,2026-08-25 18:32:31.242,Hannah,Download,56.16,24.5,262,200
887,2026-08-25 18:32:24.164,George,Download,62.96,70.99,295,404
888,2026-08-25 18:32:48.150,Diana,Search,57.94,55.48,437,500
889,2026-08-25 18:32:57.966,Evan,Login,65.98,21.55,111,400
890,2026-08-25 18:32:58.014,George,Login,39.03,84.28,385,201
891,2026-08-25 18:32:30.441,George,Upload,37.49,43.23,133,200
892,2026-08-25 18:32:57.218,Diana,Logout,94.02,25.37,386,200
893,2026-08-25 18:32:42.977,Julia,Upload,85.14,67.9,217,200
894,2026-08-25 18:32:51.054,Alice,Search,72.89,78.97,82,200
895,2026-08-25 18:32:46.619,Alice,Logout,43.58,77.03,99,404
896,2026-08-25 18:32:36.798,Hannah,View,68.14,87.95,181,201
897,2026-08-25 18:32:57.453,Fiona,Login,60.48,82.37,261,200
898,2026-08-25 18:32:59.296,Fiona,Search,37.53,53.46,234,200
899,2026-08-25 18:32:50.355,Diana,Purchase,48.4,68.77,124,404
900,2026-08-25 18:32:54.894,George,Search,13.52,65.23,270,200
901,2026-08-25 18:32:33.314,Alice,View,46.83,60.58,328,201
902,2026-08-25 18:32:42.354,Charlie,Login,65.42,36.49,328,200
903,2026-08-25 18:32:29.742,Bob,Search,8.19,75.98,274,200
904,2026-08-25 18:32:47.838,Julia,Login,19.35,56.46,274,200
905,2026-08-25 18:32:27.964,Alice,Purchase,16.79,36.61,287,200
906,2026-08-25 18:32:30.696,Hannah,Logout,14.77,86.32,46,304
907,2026-08-25 18:32:44.318,Charlie,Login,50.44,25.57,55,404
908,2026-08-25 18:32:46.166,Evan,Logout,60.35,82.06,180,404
909,2026-08-25 18:32:28.020,Evan,Purchase,77.88,69.86,398,400
910,2026-08-25 18:32:51.694,Julia,Logout,21.78,43.18,275,200
911,2026-08-25 18:32:41.713,Evan,Upload,24.88,27.68,70,200
912,2026-08-25 18:32:29.886,Alice,Search,48.93,45.7,48,304
913,2026-08-25 18:32:39.945,Ian,Download,31.46,87.34,288,404
914,2026-08-25 18:32:45.456,George,Logout,30.19,43.8,319,201
915,2026-08-25 18:32:35.424,Hannah,Purchase,59.63,73.2,39,200
916,2026-08-25 18:32:25.370,Julia,Download,66.31,82.75,268,200
917,2026-08-25 18:32:48.306,Fiona,View,19.75,56.52,38,200
918,2026-08-25 18:32:27.228,Charlie,Search,38.04,89.95,373,400
919,2026-08-25 18:32:43.783,Fiona,Search,94.83,58.14,177,404
920,2026-08-25 18:32:29.094,Alice,Upload,60.39,42.11,283,200
921,2026-08-25 18:32:32.793,Evan,Logout,36.82,34.87,170,201
922,2026-08-25 18:32:45.720,Alice,Logout,47.48,27.4,18,200
923,2026-08-25 18:32:57.752,Evan,View,82.26,25.8,176,304
924,2026-08-25 18:32:43.938,Fiona,Logout,62.55,30.0,200,304
925,2026-08-25 18:32:41.194,Alice,Upload,13.02,66.82,307,201
926,2026-08-25 18:32:31.962,Fiona,View,9.0,78.5,113,500
927,2026-08-25 18:32:44.031,Alice,Download,74.35,43.03,153,404
928,2026-08-25 18:32:45.918,Charlie,Logout,40.54,67.25,287,201
929,2026-08-25 18:33:01.744,Charlie,Upload,89.69,77.92,116,304
930,2026-08-25 18:32:52.494,Ian,Purchase,84.98,36.66,16,500
931,2026-08-25 18:32:31.121,Evan,Logout,32.18,44.32,332,200
932,2026-08-25 18:32:55.370,Bob,Purchase,20.35,84.23,77,200
933,2026-08-25 18:32:57.279,Hannah,Login,11.13,35.44,403,200
934,2026-08-25 18:32:30.238,Bob,Purchase,53.71,69.85,414,200
935,2026-08-25 18:32:33.994,Diana,Upload,56.05,28.71,408,404
936,2026-08-25 18:32:45.246,Ian,View,30.49,26.75,51,500
937,2026-08-25 18:32:46.215,George,Search,37.52,20.53,356,404
938,2026-08-25 18:32:48.124,Fiona,Purchase,14.21,82.81,237,400
939,2026-08-25 18:32:55.671,Diana,Login,86.73,28.06,345,400
940,2026-08-25 18:32:27.514,Bob,Login,87.83,34.78,281,500
941,2026-08-25 18:32:46.347,Hannah,Logout,22.77,25.11,181,200
942,2026-08-25 18:32:30.366,Hannah,Upload,5.83,88.94,315,201
943,2026-08-25 18:32:56.786,Diana,Download,39.18,78.45,96,200
944,2026-08-25 18:32:34.174,Ian,Login,84.56,28.86,102,200
945,2026-08-25 18:32:34.194,Fiona,Search,19.28,45.32,406,400
946,2026-08-25 18:32:45.566,Alice,Login,68.52,55.26,259,200
947,2026-08-25 18:32:38.969,Charlie,Upload,48.77,46.03,195,500
948,2026-08-25 18:32:42.786,Julia,View,68.94,67.69,91,304
949,2026-08-25 18:32:53.254,Julia,Logout,76.73,81.78,267,500
950,2026-08-25 18:32:50.444,Hannah,Upload,61.91,55.2,416,400
951,2026-08-25 18:32:45.726,George,Download,46.01,62.05,246,400
952,2026-08-25 18:32:57.182,Fiona,Login,45.76,71.58,265,200
953,2026-08-25 18:32:44.837,Hannah,Upload,48.55,88.92,242,200
954,2026-08-25 18:32:47.730,Diana,Purchase,76.16,57.84,223,201
955,2026-08-25 18:32:48.719,Fiona,View,85.4,32.14,224,200
956,2026-08-25 18:32:32.502,Ian,View,12.6,73.29,142,304
957,2026-08-25 18:32:54.531,Ian,Upload,31.99,24.79,384,304
958,2026-08-25 18:32:37.328,Evan,Download,22.81,35.58,206,404
959,2026-08-25 18:32:45.982,Fiona,Upload,6.53,51.27,78,200
960,2026-08-25 18:32:53.694,Evan,Download,7.98,45.99,359,200
961,2026-08-25 18:32:43.163,Charlie,Login,58.26,75.21,69,304
962,2026-08-25 18:32:48.964,Evan,Logout,52.13,34.62,251,304
963,2026-08-25 18:32:51.888,Alice,View,90.56,27.12,110,201
964,2026-08-25 18:32:38.430,Alice,Download,88.51,48.57,227,200
965,2026-08-25 18:32:24.944,Charlie,Download,19.46,81.06,273,200
966,2026-08-25 18:32:32.682,Bob,Search,20.12,61.1,231,200
967,2026-08-25 18:32:37.535,Julia,Download,13.98,87.74,146,400
968,2026-08-25 18:32:55.950,Bob,Search,14.06,36.77,138,201
969,2026-08-25 18:32:55.992,Alice,Upload,74.08,77.32,343,200
970,2026-08-25 18:33:03.794,Fiona,Login,37.58,36.6,252,400
971,2026-08-25 18:32:25.975,Fiona,Upload,39.51,61.5,275,200
972,2026-08-25 18:33:01.950,Alice,Search,88.19,49.37,48,200
973,2026-08-25 18:32:52.268,Ian,Purchase,87.51,28.67,61,200
974,2026-08-25 18:32:34.774,Ian,Login,75.86,79.53,379,500
975,2026-08-25 18:32:49.419,George,View,41.18,51.36,348,404
976,2026-08-25 18:32:29.934,George,Purchase,45.74,42.46,119,200
977,2026-08-25 18:33:01.213,Ian,Login,34.2,73.91,218,201
978,2026-08-25 18:32:26.052,Evan,View,87.95,40.56,317,304
979,2026-08-25 18:32:35.853,Hannah,Login,36.0,23.53,25,304
980,2026-08-25 18:32:49.594,George,Purchase,82.33,22.81,409,200
981,2026-08-25 18:32:29.028,Fiona,Login,65.29,57.42,68,500
982,2026-08-25 18:32:29.042,Ian,Download,55.94,32.22,149,404
983,2026-08-25 18:32:45.767,Alice,Logout,39.63,80.62,253,200
984,2026-08-25 18:32:56.622,Charlie,View,81.68,50.4,172,200
985,2026-08-25 18:32:53.709,Hannah,Purchase,85.35,43.2,375,200
986,2026-08-25 18:32:50.790,George,Purchase,64.79,51.45,193,404
987,2026-08-25 18:33:04.644,George,Login,80.83,67.02,422,200
988,2026-08-25 18:32:28.138,Diana,Download,77.83,66.82,161,201
989,2026-08-25 18:32:43.975,Charlie,Login,8.19,34.51,392,404
990,2026-08-25 18:32:27.174,Julia,Logout,86.62,80.38,356,404
991,2026-08-25 18:32:54.934,Diana,Download,31.46,87.2,409,200
992,2026-08-25 18:32:26.206,Julia,Login,67.17,50.74,398,200
993,2026-08-25 18:32:37.140,Bob,Login,66.58,61.73,189,200
994,2026-08-25 18:32:59.030,Diana,Login,24.35,81.78,291,404
995,2026-08-25 18:32:37.184,Fiona,Logout,53.07,71.73,164,200
996,2026-08-25 18:32:38.202,Julia,View,38.72,78.03,348,404
997,2026-08-25 18:33:01.156,Hannah,Login,68.18,27.76,135,304
998,2026-08-25 18:33:03.198,Hannah,Upload,13.87,29.34,389,400
999,2026-08-25 18:32:44.265,Julia,Upload,13.03,29.72,335,200
1000,2026-08-25 18:33:00.294,Ian,Logout,60.36,57.55,256,200
1001,2026-08-25 18:32:48.327,Bob,View,72.5,36.0,205,200
1002,2026-08-25 18:33:05.394,Julia,Logout,76.48,80.95,387,400
1003,2026-08-25 18:32:28.333,Fiona,Search,34.0,26.2,434,200
1004,2026-08-25 18:32:58.466,Evan,View,45.47,58.55,245,200
1005,2026-08-25 18:32:28.359,Alice,Logout,68.37,89.31,189,404
1006,2026-08-25 18:32:44.468,Diana,Login,65.88,64.59,15,200
1007,2026-08-25 18:33:00.609,Julia,Login,25.9,77.6,441,200
1008,2026-08-25 18:33:01.662,Ian,Login,76.51,59.42,417,201
1009,2026-08-25 18:32:49.600,Ian,View,11.31,75.14,52,400
1010,2026-08-25 18:32:47.614,Ian,Download,6.01,67.47,359,200
1011,2026-08-25 18:32:31.470,Diana,Logout,12.31,42.33,82,200
1012,2026-08-25 18:32:39.582,Alice,Upload,9.55,69.36,138,500
1013,2026-08-25 18:32:30.489,Alice,Download,55.12,43.3,197,200
1014,2026-08-25 18:32:52.812,Alice,Upload,49.94,22.79,308,400
1015,2026-08-25 18:33:02.999,George,Logout,90.97,31.03,111,500
1016,2026-08-25 18:32:29.518,George,Download,83.65,25.71,25,200
1017,2026-08-25 18:32:40.719,Fiona,Login,28.43,50.16,253,500
1018,2026-08-25 18:32:31.582,Evan,View,25.3,22.86,236,304
1019,2026-08-25 18:32:58.092,Fiona,Purchase,38.3,31.23,105,400
1020,2026-08-25 18:32:50.994,Hannah,Download,24.3,49.87,130,304
1021,2026-08-25 18:32:51.029,Julia,View,83.37,81.9,379,400
1022,2026-08-25 18:32:36.756,Charlie,Login,56.52,41.46,279,200
1023,2026-08-25 18:32:27.570,Charlie,Purchase,66.59,68.53,246,400
1024,2026-08-25 18:32:43.966,George,Upload,85.71,86.63,186,500
1025,2026-08-25 18:32:56.294,George,Logout,77.28,81.63,327,200
1026,2026-08-25 18:32:35.814,George,Search,17.17,81.09,96,200
1027,2026-08-25 18:32:50.212,George,Login,53.89,69.53,402,200
1028,2026-08-25 18:32:38.938,Charlie,Download,51.79,74.4,72,201
1029,2026-08-25 18:32:30.729,Alice,View,89.97,64.31,302,200
1030,2026-08-25 18:32:49.284,Ian,Logout,71.24,27.79,228,200
1031,2026-08-25 18:32:56.534,Bob,View,49.3,24.49,154,500
1032,2026-08-25 18:33:04.830,George,Search,78.96,31.41,272,404
1033,2026-08-25 18:32:31.822,Evan,Download,89.67,37.2,304,304
1034,2026-08-25 18:32:26.668,Ian,Logout,6.28,84.67,330,200
1035,2026-08-25 18:32:42.204,George,Download,41.46,44.27,36,400
1036,2026-08-25 18:32:40.158,Ian,Logout,25.26,80.44,117,200
1037,2026-08-25 18:32:48.478,Alice,View,35.77,83.98,234,404
1038,2026-08-25 18:32:39.168,Charlie,View,9.73,58.16,281,200
1039,2026-08-25 18:33:05.166,Alice,View,51.22,88.21,72,200
1040,2026-08-25 18:33:02.094,Julia,Login,43.4,69.37,262,400
1041,2026-08-25 18:32:51.729,Evan,Search,82.15,22.04,160,304
1042,2026-08-25 18:32:34.050,Hannah,Download,62.19,67.42,338,404
1043,2026-08-25 18:32:34.068,Julia,Purchase,66.88,80.15,49,200
1044,2026-08-25 18:32:37.218,George,Upload,64.81,37.94,230,400
1045,2026-08-25 18:33:07.544,George,Login,36.28,38.45,190,201
1046,2026-08-25 18:32:40.398,George,Download,24.58,51.47,371,304
1047,2026-08-25 18:32:48.798,Ian,Purchase,39.5,61.05,258,400
1048,2026-08-25 18:32:38.350,Hannah,Logout,94.63,22.01,288,200
1049,2026-08-25 18:32:42.568,Charlie,Login,88.48,70.1,331,200
1050,2026-08-25 18:33:02.544,Diana,Logout,66.85,22.34,190,304
1051,2026-08-25 18:32:57.334,Julia,View,13.56,60.07,298,304
1052,2026-08-25 18:32:34.230,Alice,Upload,15.1,75.77,304,400
1053,2026-08-25 18:32:54.255,Alice,Search,63.62,76.91,169,200
1054,2026-08-25 18:32:52.184,Diana,View,89.03,42.45,351,201
1055,2026-08-25 18:32:47.999,George,Download,33.53,20.64,233,200
1056,2026-08-25 18:32:44.862,Bob,Purchase,27.57,80.85,26,500
1057,2026-08-25 18:32:39.605,Julia,Logout,32.21,23.71,377,304
1058,2026-08-25 18:32:56.556,Hannah,Purchase,35.91,20.05,41,200
1059,2026-08-25 18:32:37.533,Hannah,Purchase,31.61,87.18,440,304
1060,2026-08-25 18:32:54.514,Charlie,Login,40.86,56.76,161,200
1061,2026-08-25 18:32:46.063,George,Upload,47.03,88.54,206,404
1062,2026-08-25 18:32:28.038,Ian,Search,28.54,47.7,370,200
1063,2026-08-25 18:32:35.491,George,Download,34.53,49.24,84,200
1064,2026-08-25 18:32:57.854,Charlie,View,61.94,32.33,232,500
1065,2026-08-25 18:32:28.074,Ian,Search,6.79,84.08,275,200
1066,2026-08-25 18:33:02.198,George,Download,49.77,52.29,134,400
1067,2026-08-25 18:32:50.505,Alice,Download,25.84,46.11,354,404
1068,2026-08-25 18:32:53.742,Ian,Search,12.34,77.4,73,200
1069,2026-08-25 18:32:44.157,Ian,Search,63.49,20.66,371,304
1070,2026-08-25 18:32:52.744,Diana,Upload,77.27,75.03,298,200
1071,2026-08-25 18:32:33.501,Fiona,Download,77.56,34.41,381,200
1072,2026-08-25 18:32:34.590,Charlie,Download,72.86,51.42,154,404
1073,2026-08-25 18:32:57.141,Ian,Download,36.6,27.3,54,500
1074,2026-08-25 18:32:34.626,Evan,Logout,37.12,81.51,205,404
1075,2026-08-25 18:32:31.419,Charlie,View,84.05,30.52,87,304
1076,2026-08-25 18:32:49.726,Alice,Purchase,61.55,69.3,341,201
1077,2026-08-25 18:33:01.605,Bob,Purchase,94.24,84.94,403,200
1078,2026-08-25 18:32:46.556,Charlie,Login,92.21,79.44,442,404
1079,2026-08-25 18:33:08.165,Diana,Purchase,70.84,53.63,316,500
1080,2026-08-25 18:32:45.534,Hannah,Upload,52.29,48.59,256,200
1081,2026-08-25 18:32:27.185,Ian,Purchase,38.04,63.5,407,200
1082,2026-08-25 18:32:29.360,Charlie,Logout,7.76,68.81,182,400
1083,2026-08-25 18:33:02.946,Charlie,Logout,87.9,23.72,334,201
1084,2026-08-25 18:32:42.394,Bob,Upload,88.5,35.86,226,200
1085,2026-08-25 18:32:41.334,George,Download,62.2,62.82,161,201
1086,2026-08-25 18:32:53.304,Evan,Download,69.84,89.02,17,200
1087,2026-08-25 18:32:37.034,Fiona,Purchase,55.25,31.71,379,500
1088,2026-08-25 18:32:29.438,Fiona,Purchase,24.78,72.32,166,200
1089,2026-08-25 18:32:42.519,Charlie,View,88.06,26.15,214,200
1090,2026-08-25 18:32:53.444,Alice,Search,94.13,64.75,208,400
1091,2026-08-25 18:32:46.933,Diana,Purchase,57.34,68.53,70,201
1092,2026-08-25 18:32:37.134,Alice,Search,59.51,51.63,163,304
1093,2026-08-25 18:33:08.851,Fiona,Download,53.5,34.38,206,200
1094,2026-08-25 18:32:42.644,Bob,Search,29.26,72.51,166,200
1095,2026-08-25 18:32:59.094,Ian,Upload,76.28,72.37,124,200
1096,2026-08-25 18:32:39.406,George,Purchase,50.79,82.18,356,200
1097,2026-08-25 18:32:29.555,Fiona,Login,30.44,22.31,76,200
1098,2026-08-25 18:32:35.058,Diana,Login,17.69,39.54,92,200
1099,2026-08-25 18:32:59.254,George,Download,28.05,42.34,379,200
1100,2026-08-25 18:32:48.294,Diana,Purchase,9.33,66.44,183,201
1101,2026-08-25 18:32:51.627,Alice,Login,54.47,23.85,315,404
1102,2026-08-25 18:32:45.048,Ian,Upload,72.05,29.83,113,200
1103,2026-08-25 18:32:26.324,Alice,Login,42.42,25.71,395,200
1104,2026-08-25 18:33:08.286,Charlie,View,81.39,57.82,273,500
1105,2026-08-25 18:32:46.234,Evan,Logout,71.8,87.59,218,201
1106,2026-08-25 18:33:00.640,Bob,Login,52.32,76.64,126,200
1107,2026-08-25 18:32:48.504,Julia,Purchase,46.22,30.73,137,200
1108,2026-08-25 18:32:51.858,Ian,Download,39.19,79.85,346,200
1109,2026-08-25 18:32:28.602,Evan,Download,12.23,64.03,24,200
1110,2026-08-25 18:32:29.724,Hannah,Download,80.84,22.01,146,304
1111,2026-08-25 18:32:29.737,Hannah,View,80.79,74.88,410,400
1112,2026-08-25 18:32:55.326,Evan,Search,25.86,37.87,386,200
1113,2026-08-25 18:32:55.362,Evan,Logout,68.42,47.53,350,404
1114,2026-08-25 18:33:04.310,Charlie,Download,87.95,56.58,350,400
1115,2026-08-25 18:32:48.744,Julia,Purchase,82.09,28.7,81,200
1116,2026-08-25 18:32:27.570,Diana,Upload,86.46,44.84,361,201
1117,2026-08-25 18:32:26.464,Bob,Download,81.36,56.66,399,200
1118,2026-08-25 18:32:51.070,Bob,Login,6.98,70.87,139,200
1119,2026-08-25 18:32:47.745,Julia,Purchase,23.11,46.23,236,400
1120,2026-08-25 18:32:34.334,Diana,Download,67.26,58.16,187,200
1121,2026-08-25 18:32:50.045,Bob,Download,54.73,80.0,229,500
1122,2026-08-25 18:33:08.028,Fiona,Logout,12.79,77.33,350,200
1123,2026-08-25 18:32:33.262,Evan,Login,27.75,84.89,205,200
1124,2026-08-25 18:33:09.246,Bob,View,48.14,34.44,93,500
1125,2026-08-25 18:33:09.294,Julia,Logout,44.97,40.97,271,200
1126,2026-08-25 18:33:03.712,Ian,Upload,79.7,67.99,286,500
1127,2026-08-25 18:32:58.120,Hannah,Search,82.5,84.09,343,200
1128,2026-08-25 18:32:57.030,Alice,Login,54.96,31.26,269,304
1129,2026-08-25 18:32:35.616,Diana,Logout,48.42,41.82,423,201
1130,2026-08-25 18:32:31.114,Julia,Logout,18.72,54.24,423,400
1131,2026-08-25 18:32:54.879,Charlie,Login,13.43,32.97,77,200
1132,2026-08-25 18:33:05.102,Charlie,Login,47.17,63.88,44,200
1133,2026-08-25 18:32:35.688,Diana,Upload,16.65,20.9,68,304
1134,2026-08-25 18:32:58.386,Diana,Login,72.59,87.71,212,200
1135,2026-08-25 18:32:50.479,Bob,Download,91.5,71.39,92,500
1136,2026-08-25 18:32:52.782,Alice,Login,81.38,48.39,269,201
1137,2026-08-25 18:32:44.856,Evan,Download,83.52,68.32,215,500
1138,2026-08-25 18:32:33.502,Charlie,Search,34.83,74.93,402,400
1139,2026-08-25 18:32:33.518,Fiona,View,68.84,64.57,109,404
1140,2026-08-25 18:32:51.774,Evan,Download,91.58,89.58,441,500
1141,2026-08-25 18:32:56.370,George,Purchase,58.85,82.73,285,200
1142,2026-08-25 18:33:10.110,Bob,Download,71.01,58.35,164,404
1143,2026-08-25 18:32:26.724,Diana,Purchase,84.99,57.16,432,400
1144,2026-08-25 18:33:03.342,Fiona,View,92.0,85.72,384,201
1145,2026-08-25 18:32:47.354,Evan,Purchase,10.43,49.35,400,400
1146,2026-08-25 18:32:37.068,Charlie,Purchase,47.31,80.51,337,304
1147,2026-08-25 18:33:10.350,George,Download,53.83,85.07,98,404
1148,2026-08-25 18:33:06.954,Julia,Purchase,66.02,47.49,339,200
1149,2026-08-25 18:33:08.148,Ian,Search,80.47,63.88,163,200
1150,2026-08-25 18:33:12.794,Julia,Search,17.51,26.78,349,200
1151,2026-08-25 18:32:29.106,Evan,Purchase,17.15,27.02,365,201
1152,2026-08-25 18:33:12.894,Hannah,Upload,40.67,58.52,60,200
1153,2026-08-25 18:32:54.496,Fiona,Download,20.01,26.42,207,400
1154,2026-08-25 18:32:33.758,Charlie,Login,52.29,83.29,363,400
1155,2026-08-25 18:32:37.239,Julia,Purchase,15.15,83.71,79,404
1156,2026-08-25 18:32:34.946,Diana,Download,84.4,49.14,33,304
1157,2026-08-25 18:32:36.120,Fiona,Download,85.18,40.71,25,201
1158,2026-08-25 18:32:48.876,George,Login,40.0,59.19,297,200
1159,2026-08-25 18:32:47.746,Charlie,View,10.49,65.93,444,400
1160,2026-08-25 18:32:33.854,Alice,Upload,18.23,35.93,374,201
1161,2026-08-25 18:32:51.285,Julia,Logout,72.96,83.59,406,404
1162,2026-08-25 18:32:40.858,Fiona,Login,31.3,20.61,86,304
1163,2026-08-25 18:33:05.303,Hannah,Search,48.31,38.78,238,200
1164,2026-08-25 18:32:35.082,Alice,Download,34.03,87.63,215,400
1165,2026-08-25 18:32:30.439,Hannah,Search,76.21,80.28,15,400
1166,2026-08-25 18:32:36.282,Bob,Upload,72.32,40.63,184,400
1167,2026-08-25 18:32:54.972,Evan,Search,57.93,43.13,397,404
1168,2026-08-25 18:32:44.494,Charlie,Search,15.78,37.82,409,200
1169,2026-08-25 18:32:33.998,Hannah,Purchase,47.53,40.24,391,400
1170,2026-08-25 18:32:31.674,Hannah,View,50.87,81.45,420,200
1171,2026-08-25 18:33:11.502,Hannah,Login,39.25,33.67,269,200
1172,2026-08-25 18:32:36.390,Julia,Download,81.69,68.93,286,200
1173,2026-08-25 18:32:56.349,George,Upload,47.41,68.49,448,200
1174,2026-08-25 18:32:37.600,Evan,Search,88.91,49.57,271,200
1175,2026-08-25 18:33:06.994,George,Logout,81.04,71.8,253,400
1176,2026-08-25 18:33:08.214,Charlie,Upload,8.1,63.45,257,200
1177,2026-08-25 18:33:03.551,Alice,View,51.11,74.43,55,404
1178,2026-08-25 18:32:55.346,Fiona,Purchase,84.62,75.44,22,304
1179,2026-08-25 18:32:29.442,Hannah,Login,92.54,71.0,270,200
1180,2026-08-25 18:32:40.074,Fiona,View,74.9,53.41,391,200
1181,2026-08-25 18:32:53.086,Bob,Purchase,11.95,44.77,88,500
1182,2026-08-25 18:32:53.118,Alice,Upload,66.51,59.72,101,200
1183,2026-08-25 18:33:14.444,Hannah,Upload,10.7,78.39,123,200
1184,2026-08-25 18:33:08.574,Fiona,Search,87.09,52.59,377,200
1185,2026-08-25 18:33:14.544,Hannah,Logout,30.42,77.73,300,200
1186,2026-08-25 18:33:05.106,Fiona,Upload,76.08,77.26,248,304
1187,2026-08-25 18:32:58.026,Fiona,Download,76.6,80.78,88,200
1188,2026-08-25 18:33:02.814,Bob,Purchase,41.58,37.42,138,200
1189,2026-08-25 18:32:35.507,Fiona,Purchase,20.46,76.33,375,304
1190,2026-08-25 18:32:37.904,George,Upload,16.76,34.43,109,200
1191,2026-08-25 18:33:11.271,Charlie,Purchase,19.96,64.95,347,201
1192,2026-08-25 18:33:05.358,George,Upload,45.88,29.44,401,400
1193,2026-08-25 18:32:52.277,Alice,Download,47.01,86.98,123,404
1194,2026-08-25 18:32:32.010,Alice,View,7.55,22.69,39,200
1195,2026-08-25 18:32:34.414,Bob,Logout,72.99,43.52,272,201
1196,2026-08-25 18:32:43.998,Julia,Download,72.87,60.76,77,304
1197,2026-08-25 18:33:13.947,Alice,Login,84.42,36.39,408,200
1198,2026-08-25 18:33:06.808,Diana,Upload,27.92,73.93,10,304
1199,2026-08-25 18:32:27.284,Diana,Purchase,37.22,30.92,345,200
1200,2026-08-25 18:32:34.494,Charlie,Purchase,60.84,52.32,237,404
1201,2026-08-25 18:32:46.520,Ian,Search,79.86,33.89,229,200
1202,2026-08-25 18:33:02.172,Charlie,Purchase,8.19,44.27,342,304
1203,2026-08-25 18:32:47.775,George,View,19.3,34.52,242,200
1204,2026-08-25 18:32:53.822,Diana,Download,19.53,86.07,248,200
1205,2026-08-25 18:33:11.929,Fiona,Login,72.44,70.27,241,400
1206,2026-08-25 18:32:32.178,Alice,Logout,88.98,49.06,395,500
1207,2026-08-25 18:32:52.711,George,Logout,37.57,70.49,155,200
1208,2026-08-25 18:33:04.822,Charlie,Download,20.08,75.46,223,304
1209,2026-08-25 18:32:39.474,Ian,Upload,58.07,55.26,422,200
1210,2026-08-25 18:32:41.914,Bob,Logout,82.29,39.3,202,201
1211,2026-08-25 18:32:58.890,Ian,Purchase,91.64,48.67,312,200
1212,2026-08-25 18:32:50.442,Bob,Download,64.0,36.74,246,200
1213,2026-08-25 18:32:27.424,George,Purchase,78.89,60.45,55,201
1214,2026-08-25 18:32:31.076,Alice,Upload,66.12,45.65,296,200
1215,2026-08-25 18:32:52.959,Evan,View,14.44,56.8,237,200
1216,2026-08-25 18:32:51.774,Alice,Download,81.21,57.31,165,200
1217,2026-08-25 18:32:43.285,Ian,Login,36.17,20.12,263,200
1218,2026-08-25 18:33:00.360,Alice,Purchase,71.3,66.05,411,304
1219,2026-08-25 18:33:04.054,Julia,View,11.73,63.83,382,201
1220,2026-08-25 18:32:36.034,Fiona,Logout,15.02,20.78,11,200
1221,2026-08-25 18:33:00.471,Diana,Logout,17.23,58.38,260,304
1222,2026-08-25 18:32:54.398,Diana,Upload,92.16,45.69,102,304
1223,2026-08-25 18:33:00.545,Charlie,Purchase,22.69,20.37,295,200
1224,2026-08-25 18:32:29.982,Bob,View,68.1,22.46,310,201
1225,2026-08-25 18:33:15.319,Alice,View,69.4,87.05,47,200
1226,2026-08-25 18:33:06.786,Fiona,Login,19.02,34.35,111,200
1227,2026-08-25 18:33:01.920,Hannah,Search,47.96,29.79,147,200
1228,2026-08-25 18:32:55.818,Hannah,Upload,30.56,88.92,179,304
1229,2026-08-25 18:32:58.309,Ian,Search,39.52,64.14,382,500
1230,2026-08-25 18:32:50.964,George,Upload,22.03,80.59,14,400
1231,2026-08-25 18:33:11.920,Hannah,Purchase,32.54,78.48,317,200
1232,2026-08-25 18:33:07.038,Charlie,View,71.76,24.18,62,400
1233,2026-08-25 18:32:53.517,Bob,Search,81.69,75.96,414,200
1234,2026-08-25 18:33:14.526,Evan,Login,7.13,88.54,344,500
1235,2026-08-25 18:32:38.759,Evan,Purchase,48.04,33.28,39,400
1236,2026-08-25 18:32:32.598,Fiona,View,20.53,39.77,310,200
1237,2026-08-25 18:32:58.589,Ian,Download,80.28,70.38,150,500
1238,2026-08-25 18:32:38.816,Fiona,Upload,33.39,48.36,78,200
1239,2026-08-25 18:32:43.791,Julia,Purchase,11.32,59.04,440,200
1240,2026-08-25 18:32:52.494,Alice,Download,88.22,82.55,65,500
1241,2026-08-25 18:33:14.862,Hannah,Search,21.28,68.72,224,201
1242,2026-08-25 18:32:51.312,George,Upload,64.23,35.15,313,201
1243,2026-08-25 18:33:17.444,Charlie,Logout,47.12,50.02,177,500
1244,2026-08-25 18:32:40.174,Alice,Purchase,68.43,75.88,408,404
1245,2026-08-25 18:32:30.234,Fiona,Upload,72.9,22.35,239,304
1246,2026-08-25 18:32:38.968,Hannah,Upload,45.13,73.24,427,200
1247,2026-08-25 18:32:58.939,George,View,89.23,81.86,234,200
1248,2026-08-25 18:33:02.718,Alice,Purchase,30.07,40.92,303,400
1249,2026-08-25 18:32:35.278,Diana,Login,32.26,84.05,150,201
1250,2026-08-25 18:32:42.794,Diana,Upload,74.13,53.75,44,200
1251,2026-08-25 18:32:39.063,Charlie,Purchase,40.15,43.95,382,200
1252,2026-08-25 18:32:57.862,Charlie,View,31.59,40.09,176,200
1253,2026-08-25 18:33:02.908,Ian,View,60.26,67.72,68,404
1254,2026-08-25 18:32:47.898,Evan,Search,7.2,20.02,399,304
1255,2026-08-25 18:32:44.159,George,View,92.79,23.08,211,201
1256,2026-08-25 18:33:04.278,Ian,Download,15.11,47.72,79,200
1257,2026-08-25 18:32:56.775,George,Download,40.58,87.04,255,200
1258,2026-08-25 18:32:58.066,Bob,Login,39.43,65.24,448,200
1259,2026-08-25 18:32:39.215,Ian,Login,24.09,39.79,103,200
1260,2026-08-25 18:33:04.434,Fiona,Login,9.83,78.88,78,200
1261,2026-08-25 18:32:36.731,Diana,View,63.79,53.81,117,200
1262,2026-08-25 18:33:00.726,Fiona,Download,66.55,60.06,11,200
1263,2026-08-25 18:33:14.655,Diana,Upload,20.92,51.5,212,304
1264,2026-08-25 18:32:57.006,Evan,Upload,91.0,53.62,165,304
1265,2026-08-25 18:32:29.209,Julia,Upload,17.87,23.89,384,404
1266,2026-08-25 18:33:08.466,Hannah,View,66.52,78.17,117,304
1267,2026-08-25 18:33:17.377,Fiona,Upload,81.84,82.37,309,201
1268,2026-08-25 18:32:44.458,Diana,Login,40.99,54.61,399,304
1269,2026-08-25 18:33:11.130,Bob,Search,20.0,63.88,291,304
1270,2026-08-25 18:33:16.254,Julia,Purchase,86.52,60.4,252,304
1271,2026-08-25 18:32:55.966,Charlie,Login,47.02,73.56,236,200
1272,2026-08-25 18:32:39.462,Ian,Purchase,21.12,57.38,65,201
1273,2026-08-25 18:32:49.665,Charlie,View,57.72,55.44,96,201
1274,2026-08-25 18:32:54.788,Ian,Download,52.72,65.75,237,200
1275,2026-08-25 18:33:03.744,Fiona,Search,17.63,55.62,202,404
1276,2026-08-25 18:33:16.542,Evan,View,87.17,64.43,57,200
1277,2026-08-25 18:32:52.327,Charlie,Login,16.56,70.33,78,200
1278,2026-08-25 18:32:31.908,Bob,Logout,64.03,48.83,28,500
1279,2026-08-25 18:33:19.244,Alice,Purchase,31.73,25.05,192,200
1280,2026-08-25 18:33:03.934,George,View,55.82,58.02,286,500
1281,2026-08-25 18:33:19.344,Ian,Search,63.03,20.22,336,400
1282,2026-08-25 18:32:37.088,George,Purchase,10.11,48.05,256,201
1283,2026-08-25 18:32:46.086,Hannah,Search,30.55,30.11,301,200
1284,2026-08-25 18:32:53.814,Julia,Download,9.84,62.51,366,404
1285,2026-08-25 18:33:13.119,Fiona,Search,55.16,82.26,356,201
1286,2026-08-25 18:33:02.876,Charlie,Login,65.86,77.93,156,400
1287,2026-08-25 18:32:57.765,Hannah,Search,82.46,63.03,438,304
1288,2026-08-25 18:32:28.174,Diana,View,29.36,47.26,219,200
1289,2026-08-25 18:32:59.120,George,Download,42.53,31.89,121,200
1290,2026-08-25 18:32:53.994,Diana,Logout,26.01,71.97,125,200
1291,2026-08-25 18:32:41.114,Charlie,Login,36.74,33.23,62,201
1292,2026-08-25 18:33:08.266,Evan,Login,87.45,83.56,199,201
1293,2026-08-25 18:33:14.772,Diana,Upload,66.0,52.11,209,404
1294,2026-08-25 18:33:10.936,Evan,Login,28.69,81.25,247,201
1295,2026-08-25 18:32:39.899,Bob,Upload,93.58,83.94,19,201
1296,2026-08-25 18:32:47.694,Ian,Login,56.03,73.38,366,200
1297,2026-08-25 18:32:46.422,Fiona,Logout,32.4,44.43,230,200
1298,2026-08-25 18:32:33.466,George,Download,25.11,84.09,382,404
1299,2026-08-25 18:32:46.470,Ian,Search,47.69,31.82,217,304
1300,2026-08-25 18:32:54.294,Julia,Login,77.77,69.02,196,200
1301,2026-08-25 18:32:43.916,Alice,Purchase,65.72,65.08,239,400
1302,2026-08-25 18:33:02.166,Alice,Upload,73.77,84.34,238,404
1303,2026-08-25 18:32:49.172,Evan,Search,90.78,82.06,306,200
1304,2026-08-25 18:32:43.982,Evan,View,80.5,50.81,164,200
1305,2026-08-25 18:32:58.359,Charlie,Search,39.4,49.06,315,200
1306,2026-08-25 18:33:08.840,Charlie,Upload,82.43,37.97,149,400
1307,2026-08-25 18:32:55.811,Julia,Search,76.57,78.22,233,201
1308,2026-08-25 18:33:16.770,Julia,Login,75.51,32.49,162,200
1309,2026-08-25 18:33:08.963,Evan,Purchase,5.74,83.43,270,200
1310,2026-08-25 18:33:16.864,Ian,Purchase,77.64,81.31,150,200
1311,2026-08-25 18:33:15.600,Diana,Login,22.18,58.58,337,400
1312,2026-08-25 18:32:42.846,Bob,Download,93.12,51.5,291,200
1313,2026-08-25 18:33:03.875,Diana,Login,5.45,83.22,102,200
1314,2026-08-25 18:32:32.376,Fiona,Search,82.6,75.1,235,404
1315,2026-08-25 18:32:37.649,Evan,Download,89.44,29.49,78,201
1316,2026-08-25 18:33:01.354,Diana,Download,63.56,25.26,22,500
1317,2026-08-25 18:32:46.902,Julia,Logout,58.6,80.02,349,404
1318,2026-08-25 18:32:58.788,Hannah,View,85.71,82.86,83,304
1319,2026-08-25 18:33:00.140,Fiona,Upload,55.84,49.63,86,200
1320,2026-08-25 18:33:19.974,Diana,Download,12.7,74.59,304,200
1321,2026-08-25 18:33:16.060,Julia,Logout,65.8,22.88,51,500
1322,2026-08-25 18:32:31.158,Bob,Upload,64.69,67.31,134,201
1323,2026-08-25 18:32:32.493,Charlie,Search,87.83,86.57,226,500
1324,2026-08-25 18:32:48.394,Fiona,View,64.21,76.27,293,400
1325,2026-08-25 18:32:43.119,George,Purchase,78.75,44.01,116,404
1326,2026-08-25 18:33:00.378,Ian,Purchase,53.06,42.49,367,201
1327,2026-08-25 18:33:01.739,Julia,Login,19.97,80.54,63,404
1328,2026-08-25 18:33:03.102,Charlie,Upload,88.07,43.29,271,200
1329,2026-08-25 18:32:45.861,Hannah,Login,28.69,66.16,64,201
1330,2026-08-25 18:32:39.234,Charlie,Upload,65.85,89.53,72,200
1331,2026-08-25 18:32:45.907,Fiona,Download,82.61,57.47,261,304
1332,2026-08-25 18:32:44.598,Diana,Purchase,80.02,57.45,281,500
1333,2026-08-25 18:33:04.615,Diana,Purchase,22.61,88.95,24,304
1334,2026-08-25 18:33:21.994,Charlie,Download,60.54,56.19,145,200
1335,2026-08-25 18:32:41.994,Ian,Search,39.53,87.64,438,201
1336,2026-08-25 18:32:55.374,Hannah,Download,83.07,47.67,225,404
1337,2026-08-25 18:32:47.382,Diana,Login,84.76,57.27,21,200
1338,2026-08-25 18:32:56.772,George,Purchase,35.46,57.33,208,404
1339,2026-08-25 18:33:20.905,George,Login,18.41,83.15,120,200
1340,2026-08-25 18:33:20.954,George,View,71.91,79.13,381,201
1341,2026-08-25 18:32:54.183,George,Purchase,59.13,32.43,134,201
1342,2026-08-25 18:33:08.974,Bob,Login,91.51,33.28,215,404
1343,2026-08-25 18:32:58.270,Julia,Purchase,86.79,79.37,406,200
1344,2026-08-25 18:33:15.774,Ian,Login,43.54,80.58,151,500
1345,2026-08-25 18:32:34.124,Bob,Download,35.79,51.62,77,200
1346,2026-08-25 18:32:34.138,Hannah,Login,48.3,79.39,161,500
1347,2026-08-25 18:32:48.969,Diana,Download,33.0,32.92,235,200
1348,2026-08-25 18:32:34.166,Diana,Upload,34.82,86.68,20,400
1349,2026-08-25 18:32:51.717,Hannah,Login,48.72,37.4,443,200
1350,2026-08-25 18:33:20.094,Charlie,Upload,94.96,77.08,421,200
1351,2026-08-25 18:32:42.314,Ian,Download,59.63,52.84,394,200
1352,2026-08-25 18:32:38.278,Fiona,Purchase,28.49,48.76,336,200
1353,2026-08-25 18:32:35.589,George,Search,35.16,47.34,188,304
1354,2026-08-25 18:32:54.560,Diana,Logout,17.21,35.77,397,201
1355,2026-08-25 18:33:00.009,Charlie,Logout,26.28,25.46,337,200
1356,2026-08-25 18:33:02.754,Alice,View,20.88,39.01,369,304
1357,2026-08-25 18:32:43.791,George,View,22.31,58.06,161,201
1358,2026-08-25 18:32:43.812,George,Upload,86.22,65.08,367,304
1359,2026-08-25 18:33:20.526,George,Login,6.68,44.91,159,200
1360,2026-08-25 18:33:06.974,Diana,Purchase,25.74,78.33,427,200
1361,2026-08-25 18:32:57.485,George,Login,48.67,79.09,131,200
1362,2026-08-25 18:32:46.620,Charlie,Search,52.45,55.46,48,200
1363,2026-08-25 18:32:33.013,George,Purchase,69.05,78.14,10,200
1364,2026-08-25 18:32:57.578,George,View,80.53,32.88,255,201
1365,2026-08-25 18:33:01.704,Evan,Download,12.34,51.17,321,304
1366,2026-08-25 18:32:37.150,Fiona,Download,49.85,71.08,361,404
1367,2026-08-25 18:32:34.432,Ian,View,84.96,45.49,70,200
1368,2026-08-25 18:33:10.014,Ian,Purchase,87.45,77.33,65,201
1369,2026-08-25 18:33:08.685,Charlie,View,17.44,32.2,265,304
1370,2026-08-25 18:32:55.024,Ian,Upload,52.61,60.35,374,304
1371,2026-08-25 18:32:33.117,George,Upload,38.34,28.99,271,500
1372,2026-08-25 18:32:31.758,Diana,Download,60.87,68.66,102,200
1373,2026-08-25 18:33:22.571,George,Search,90.02,65.89,214,404
1374,2026-08-25 18:33:19.872,Julia,Search,29.98,89.09,224,200
1375,2026-08-25 18:33:22.669,Fiona,Download,15.1,29.39,129,200
1376,2026-08-25 18:32:53.822,Fiona,Logout,30.5,69.31,371,404
1377,2026-08-25 18:33:18.636,Bob,Logout,48.85,87.82,414,200
1378,2026-08-25 18:32:58.012,Charlie,View,40.09,55.13,390,400
1379,2026-08-25 18:32:56.664,Julia,Purchase,12.97,22.48,122,404
1380,2026-08-25 18:32:53.934,Alice,Logout,91.69,89.77,265,400
1381,2026-08-25 18:32:31.866,Ian,Download,45.68,75.02,143,304
1382,2026-08-25 18:32:36.024,Julia,View,54.62,47.08,354,200
1383,2026-08-25 18:33:14.763,Fiona,Login,93.25,59.23,283,400
1384,2026-08-25 18:32:31.902,Evan,Purchase,27.05,80.02,279,404
1385,2026-08-25 18:32:33.299,Diana,View,18.84,23.82,81,200
1386,2026-08-25 18:32:52.716,Evan,Upload,83.38,42.33,401,200
1387,2026-08-25 18:32:41.647,Bob,Upload,32.91,26.67,217,500
1388,2026-08-25 18:33:01.098,Bob,Search,88.35,51.18,287,500
1389,2026-08-25 18:32:52.797,Charlie,Purchase,32.32,78.41,219,200
1390,2026-08-25 18:33:19.234,Charlie,Upload,49.76,50.58,189,404
1391,2026-08-25 18:33:15.107,Evan,View,32.9,78.51,211,304
1392,2026-08-25 18:32:29.214,George,Logout,66.53,41.78,431,500
1393,2026-08-25 18:32:52.905,Hannah,View,16.63,60.31,391,304
1394,2026-08-25 18:32:40.386,Julia,Logout,83.25,30.25,413,404
1395,2026-08-25 18:32:50.169,Hannah,Download,36.57,55.11,381,200
1396,2026-08-25 18:32:32.046,George,Download,56.06,21.49,316,500
1397,2026-08-25 18:32:37.646,Charlie,Search,90.61,30.44,74,500
1398,2026-08-25 18:32:37.662,Ian,Search,73.16,64.14,335,304
1399,2026-08-25 18:33:21.047,Julia,View,11.76,87.2,74,500
1400,2026-08-25 18:32:46.094,Charlie,Login,28.4,61.15,29,400
1401,2026-08-25 18:33:09.933,Ian,Purchase,73.24,21.71,222,400
1402,2026-08-25 18:32:46.138,George,Login,56.91,39.04,255,200
1403,2026-08-25 18:32:33.533,Charlie,Login,92.26,32.37,71,400
1404,2026-08-25 18:32:40.566,Fiona,Logout,49.39,45.52,343,201
1405,2026-08-25 18:33:00.254,Alice,Upload,89.0,66.42,117,200
1406,2026-08-25 18:32:47.632,Ian,Purchase,20.58,56.76,437,200
1407,2026-08-25 18:33:24.237,Bob,Upload,79.61,85.22,262,404
1408,2026-08-25 18:33:13.022,Diana,View,72.91,25.2,113,200
1409,2026-08-25 18:33:24.335,Ian,Upload,70.76,77.98,55,200
1410,2026-08-25 18:32:37.854,Charlie,View,6.57,75.38,444,500
1411,2026-08-25 18:33:10.323,Fiona,Download,49.93,59.3,417,304
1412,2026-08-25 18:33:23.070,Charlie,Purchase,46.72,87.6,305,304
1413,2026-08-25 18:32:33.663,Evan,Login,58.38,43.73,18,200
1414,2026-08-25 18:32:37.918,George,Upload,46.63,66.6,284,500
1415,2026-08-25 18:32:35.104,Bob,Login,35.11,65.72,93,201
1416,2026-08-25 18:32:47.862,Diana,Login,90.47,69.22,118,200
1417,2026-08-25 18:32:52.136,Bob,Upload,61.61,30.09,182,400
1418,2026-08-25 18:33:23.358,Charlie,Download,23.82,64.2,109,404
1419,2026-08-25 18:33:14.892,Fiona,Search,9.41,35.08,112,200
1420,2026-08-25 18:32:43.694,Charlie,Login,65.39,57.81,324,200
1421,2026-08-25 18:33:26.344,Fiona,Download,9.57,48.17,369,200
1422,2026-08-25 18:32:32.358,Diana,Purchase,59.95,59.08,407,400
1423,2026-08-25 18:33:19.329,Evan,Search,40.74,33.4,41,200
1424,2026-08-25 18:33:06.558,Diana,Login,38.2,53.28,408,200
1425,2026-08-25 18:32:49.494,Ian,Login,88.03,77.07,326,304
1426,2026-08-25 18:33:02.352,Fiona,Purchase,29.42,61.56,213,304
1427,2026-08-25 18:33:15.228,Charlie,Download,9.6,58.3,237,200
1428,2026-08-25 18:32:46.710,Fiona,Upload,83.63,60.65,394,500
1429,2026-08-25 18:32:51.019,Fiona,Login,32.93,71.85,118,200
1430,2026-08-25 18:33:02.484,Julia,Logout,17.08,68.92,420,200
1431,2026-08-25 18:33:05.379,George,Upload,19.69,22.77,117,400
1432,2026-08-25 18:33:12.574,Charlie,Download,73.03,37.15,30,404
1433,2026-08-25 18:33:14.047,Charlie,Login,18.26,29.78,147,200
1434,2026-08-25 18:32:36.804,Julia,Purchase,10.97,34.44,56,400
1435,2026-08-25 18:32:32.514,Julia,View,19.09,56.12,93,500
1436,2026-08-25 18:32:49.758,Bob,Search,50.45,27.63,384,200
1437,2026-08-25 18:32:33.975,Evan,Logout,43.05,40.5,58,200
1438,2026-08-25 18:33:15.690,Alice,Login,51.97,89.36,307,404
1439,2026-08-25 18:32:35.440,Hannah,Search,81.77,28.21,57,500
1440,2026-08-25 18:33:18.654,Charlie,Upload,17.67,79.86,53,304
1441,2026-08-25 18:32:29.704,Evan,View,84.76,24.31,431,200
1442,2026-08-25 18:33:07.206,George,Upload,81.08,71.71,264,304
1443,2026-08-25 18:33:00.027,Julia,Upload,77.64,41.5,202,304
1444,2026-08-25 18:32:29.734,Evan,Purchase,46.75,86.68,224,200
1445,2026-08-25 18:32:31.189,Hannah,Upload,10.7,34.36,21,200
1446,2026-08-25 18:33:17.472,Julia,Download,72.51,74.63,396,500
1447,2026-08-25 18:33:05.939,George,Upload,64.78,47.23,99,200
1448,2026-08-25 18:33:04.526,Hannah,View,12.75,65.47,408,400
1449,2026-08-25 18:32:32.682,Alice,View,7.99,61.22,266,200
1450,2026-08-25 18:33:04.594,Ian,Download,44.93,61.14,261,201
1451,2026-08-25 18:32:44.314,George,View,62.28,57.95,284,500
1452,2026-08-25 18:32:38.526,Diana,Purchase,94.96,72.69,10,200
1453,2026-08-25 18:33:20.679,Evan,Login,90.51,46.44,388,201
1454,2026-08-25 18:32:35.650,Evan,Download,67.26,29.42,444,500
1455,2026-08-25 18:33:19.314,Diana,Upload,91.56,63.69,288,200
1456,2026-08-25 18:32:54.606,Julia,Search,83.47,78.83,103,200
1457,2026-08-25 18:33:22.316,George,View,24.35,81.67,355,404
1458,2026-08-25 18:32:40.080,Charlie,Logout,61.32,58.26,48,404
1459,2026-08-25 18:33:23.867,Bob,Upload,6.35,36.54,414,200
1460,2026-08-25 18:32:37.194,Fiona,Upload,7.99,78.06,367,304
1461,2026-08-25 18:33:28.344,Bob,Upload,22.81,56.48,393,304
1462,2026-08-25 18:33:09.388,Fiona,Search,71.47,78.61,323,200
1463,2026-08-25 18:33:16.740,Alice,Search,74.95,81.85,369,304
1464,2026-08-25 18:32:43.110,George,Upload,35.02,82.01,55,404
1465,2026-08-25 18:32:56.314,Ian,View,43.13,67.35,174,200
1466,2026-08-25 18:32:40.216,Fiona,Download,41.15,66.33,334,200
1467,2026-08-25 18:33:15.441,George,Download,31.9,61.77,294,201
1468,2026-08-25 18:33:25.758,Bob,Download,18.84,79.51,317,400
1469,2026-08-25 18:32:46.143,Hannah,Login,85.3,29.1,42,200
1470,2026-08-25 18:32:49.104,Alice,Login,33.14,46.57,220,200
1471,2026-08-25 18:32:56.482,Diana,Purchase,40.21,56.41,368,304
1472,2026-08-25 18:33:20.062,Ian,View,48.31,69.65,219,200
1473,2026-08-25 18:33:12.741,Bob,Purchase,25.46,49.4,266,201
1474,2026-08-25 18:32:30.034,Bob,Search,18.56,48.24,217,201
1475,2026-08-25 18:33:21.669,George,View,15.53,44.96,227,200
1476,2026-08-25 18:32:50.718,Fiona,Purchase,61.53,27.97,11,404
1477,2026-08-25 18:33:17.328,Ian,Login,50.08,88.57,355,500
1478,2026-08-25 18:32:52.244,Evan,Search,66.76,79.13,441,200
1479,2026-08-25 18:32:52.269,Hannah,Logout,24.71,57.2,140,200
1480,2026-08-25 18:33:07.094,Ian,Search,8.76,58.27,409,200
1481,2026-08-25 18:32:58.243,Charlie,Search,50.86,57.3,230,200
1482,2026-08-25 18:32:49.380,Diana,Search,41.84,84.01,10,200
1483,2026-08-25 18:33:07.199,Evan,Search,16.74,26.76,194,201
1484,2026-08-25 18:32:52.394,Diana,Search,34.95,55.29,383,200
1485,2026-08-25 18:32:39.054,Fiona,Search,83.91,65.96,106,400
1486,2026-08-25 18:33:14.734,George,Logout,71.88,73.62,133,404
1487,2026-08-25 18:32:33.138,Diana,View,70.96,25.37,113,200
1488,2026-08-25 18:33:26.718,Julia,Search,21.98,54.65,123,500
1489,2026-08-25 18:32:48.052,Bob,Search,43.92,72.49,350,500
1490,2026-08-25 18:32:48.074,Evan,Purchase,26.14,20.94,217,201
1491,2026-08-25 18:33:16.425,Hannah,Login,34.83,66.84,56,200
1492,2026-08-25 18:32:48.118,Fiona,Upload,13.74,27.2,449,201
1493,2026-08-25 18:32:51.126,Hannah,Upload,82.8,81.03,118,500
1494,2026-08-25 18:32:46.668,Charlie,View,58.67,47.13,393,304
1495,2026-08-25 18:32:36.224,Julia,Download,22.19,77.79,21,400
1496,2026-08-25 18:32:42.222,Julia,View,30.48,66.81,420,304
1497,2026-08-25 18:33:27.150,Ian,Logout,91.32,35.49,171,404
1498,2026-08-25 18:33:12.218,Evan,Download,72.66,72.02,199,404
1499,2026-08-25 18:32:43.775,Evan,Download,76.21,39.83,35,404
1500,2026-08-25 18:33:12.294,Diana,Download,12.64,82.74,66,201
1501,2026-08-25 18:32:46.815,Evan,Search,69.17,25.89,129,200
1502,2026-08-25 18:32:37.824,Evan,Upload,51.92,46.41,38,200
1503,2026-08-25 18:32:30.324,Hannah,Logout,34.09,29.57,252,304
1504,2026-08-25 18:33:22.974,Evan,Logout,23.66,24.83,81,200
1505,2026-08-25 18:33:00.444,Charlie,View,40.91,60.84,219,400
1506,2026-08-25 18:33:24.570,Hannah,Search,82.78,44.89,295,400
1507,2026-08-25 18:33:26.123,George,View,65.94,21.84,230,200
1508,2026-08-25 18:32:46.962,Alice,View,70.79,79.55,378,400
1509,2026-08-25 18:33:06.600,Ian,View,36.46,71.88,78,200
1510,2026-08-25 18:32:36.434,Alice,Download,69.92,28.03,410,404
1511,2026-08-25 18:32:34.937,Fiona,Login,51.33,81.76,131,200
1512,2026-08-25 18:33:20.310,Evan,Purchase,66.79,27.89,435,404
1513,2026-08-25 18:33:11.275,Hannah,Search,84.28,47.84,58,404
1514,2026-08-25 18:33:08.284,Hannah,Logout,87.7,69.03,90,404
1515,2026-08-25 18:33:15.894,Charlie,Search,70.83,77.0,346,200
1516,2026-08-25 18:32:35.002,Bob,Download,33.22,63.87,126,200
1517,2026-08-25 18:32:45.634,Fiona,Logout,38.22,85.85,365,200
1518,2026-08-25 18:33:14.496,Alice,Download,73.06,37.79,374,200
1519,2026-08-25 18:32:42.636,Hannah,Login,64.74,35.89,316,304
1520,2026-08-25 18:32:48.734,Bob,Upload,30.73,32.06,201,200
1521,2026-08-25 18:33:28.302,Charlie,Purchase,33.39,27.81,72,200
1522,2026-08-25 18:32:36.602,Alice,Login,60.03,64.2,393,200
1523,2026-08-25 18:33:20.783,Evan,Upload,32.09,37.81,414,200
1524,2026-08-25 18:33:25.398,Diana,View,56.5,46.47,287,404
1525,2026-08-25 18:32:33.594,Hannah,Search,48.76,52.38,434,400
1526,2026-08-25 18:32:33.606,Bob,Login,39.58,60.28,154,500
1527,2026-08-25 18:33:31.644,Alice,Search,65.04,72.3,254,200
1528,2026-08-25 18:33:17.942,Diana,View,89.61,64.89,378,200
1529,2026-08-25 18:33:16.454,Diana,Purchase,87.06,57.51,41,200
1530,2026-08-25 18:33:19.554,Ian,Download,59.02,29.78,222,200
1531,2026-08-25 18:32:48.976,Ian,Upload,66.97,64.0,149,200
1532,2026-08-25 18:33:07.382,George,Upload,78.81,86.5,365,201
1533,2026-08-25 18:32:50.553,Ian,Logout,72.59,74.83,46,500
1534,2026-08-25 18:33:19.722,Evan,View,76.88,36.9,174,200
1535,2026-08-25 18:33:10.554,Ian,Purchase,17.85,70.89,331,200
1536,2026-08-25 18:33:16.734,Hannah,Logout,42.4,62.06,302,200
1537,2026-08-25 18:33:27.533,Charlie,Login,88.94,46.8,430,404
1538,2026-08-25 18:33:12.200,George,Upload,52.69,58.82,380,304
1539,2026-08-25 18:32:58.386,Fiona,Logout,41.35,75.94,140,404
1540,2026-08-25 18:32:43.014,Diana,Search,56.43,48.93,12,201
1541,2026-08-25 18:32:59.983,Evan,Purchase,7.26,26.29,381,200
1542,2026-08-25 18:33:32.394,Evan,Login,15.31,36.22,111,200
1543,2026-08-25 18:32:39.982,Charlie,Logout,92.77,82.09,432,500
1544,2026-08-25 18:33:27.862,Ian,Login,35.28,70.88,134,304
1545,2026-08-25 18:32:36.924,Alice,Logout,78.64,72.29,313,500
1546,2026-08-25 18:32:49.306,Julia,View,17.81,83.66,446,404
1547,2026-08-25 18:33:32.644,Charlie,Purchase,65.25,82.08,135,404
1548,2026-08-25 18:33:09.474,Diana,Upload,24.54,62.95,255,200
1549,2026-08-25 18:33:04.862,Ian,Upload,33.42,51.07,348,201
1550,2026-08-25 18:33:12.644,Evan,Upload,74.93,56.93,260,200
1551,2026-08-25 18:33:14.232,Ian,Search,18.52,50.79,12,200
1552,2026-08-25 18:32:32.366,Ian,View,22.59,48.39,256,400
1553,2026-08-25 18:33:06.543,Ian,View,14.56,49.12,285,304
1554,2026-08-25 18:33:15.900,Bob,Upload,5.51,69.04,209,200
1555,2026-08-25 18:33:29.934,Fiona,Login,42.45,37.64,62,400
1556,2026-08-25 18:33:31.538,Fiona,Purchase,76.09,73.28,60,400
1557,2026-08-25 18:32:52.662,Bob,Purchase,30.51,79.95,303,400
1558,2026-08-25 18:33:28.520,Evan,Purchase,60.79,41.64,240,200
1559,2026-08-25 18:32:46.474,Julia,Logout,41.0,47.31,406,201
1560,2026-08-25 18:32:52.734,Alice,Search,88.72,42.28,411,200
1561,2026-08-25 18:33:25.539,Fiona,Login,12.97,76.01,152,500
1562,2026-08-25 18:33:09.964,Ian,Upload,27.96,29.9,369,200
1563,2026-08-25 18:33:00.621,Charlie,Login,20.29,75.18,172,200
1564,2026-08-25 18:32:48.138,Evan,View,30.86,45.21,410,500
1565,2026-08-25 18:32:34.074,Julia,Search,54.34,84.29,117,404
1566,2026-08-25 18:33:33.594,Charlie,Purchase,90.69,88.9,432,200
1567,2026-08-25 18:32:32.531,Bob,Logout,25.32,30.32,243,200
1568,2026-08-25 18:32:59.198,Fiona,Upload,23.56,24.87,42,200
1569,2026-08-25 18:33:18.054,Evan,Upload,30.92,65.3,446,200
1570,2026-08-25 18:32:30.994,Alice,Upload,51.91,49.21,94,404
1571,2026-08-25 18:33:18.134,Hannah,View,48.88,37.77,407,200
1572,2026-08-25 18:33:07.170,Fiona,Search,89.6,75.75,325,200
1573,2026-08-25 18:33:10.349,Julia,Purchase,39.5,28.66,162,304
1574,2026-08-25 18:33:04.088,Alice,Purchase,53.83,72.82,436,200
1575,2026-08-25 18:32:48.369,Ian,Purchase,73.85,44.62,412,200
1576,2026-08-25 18:33:29.366,Evan,Search,64.3,80.7,44,200
1577,2026-08-25 18:33:13.643,Charlie,Login,80.12,49.35,272,500
1578,2026-08-25 18:33:07.368,Alice,Download,57.92,24.18,235,201
1579,2026-08-25 18:33:18.454,Fiona,Download,87.62,54.12,81,200
1580,2026-08-25 18:33:13.754,Alice,Purchase,23.38,32.0,251,200
1581,2026-08-25 18:32:42.171,Fiona,View,25.95,51.41,101,500
1582,2026-08-25 18:32:54.844,Fiona,Login,59.18,85.34,428,201
1583,2026-08-25 18:33:34.444,George,Search,15.55,57.95,353,500
1584,2026-08-25 18:32:46.974,Diana,Upload,55.16,75.19,338,200
1585,2026-08-25 18:33:17.109,Hannah,Logout,75.32,61.08,382,500
1586,2026-08-25 18:33:04.460,Bob,Purchase,38.31,81.39,12,200
1587,2026-08-25 18:33:28.296,Bob,Upload,6.3,54.86,42,200
1588,2026-08-25 18:32:31.174,Hannah,Purchase,12.47,66.18,106,200
1589,2026-08-25 18:32:48.663,George,Search,14.09,36.3,222,404
1590,2026-08-25 18:33:25.254,Bob,View,66.76,61.75,19,400
1591,2026-08-25 18:32:35.977,George,Upload,79.02,75.81,100,201
1592,2026-08-25 18:33:33.302,Bob,Search,72.74,60.96,83,400
1593,2026-08-25 18:32:42.375,Fiona,View,36.98,35.52,104,200
1594,2026-08-25 18:33:17.460,Bob,Login,20.26,84.21,360,200
1595,2026-08-25 18:32:42.409,Evan,Download,25.36,32.35,199,200
1596,2026-08-25 18:33:07.962,Diana,Upload,31.11,22.25,434,200
1597,2026-08-25 18:32:53.622,Alice,Search,30.99,33.03,113,200
1598,2026-08-25 18:33:31.998,Evan,View,7.75,49.28,338,304
1599,2026-08-25 18:33:08.061,Julia,View,31.36,42.63,129,400
1600,2026-08-25 18:33:06.494,Julia,Download,64.43,60.32,111,200
1601,2026-08-25 18:33:25.738,Evan,Purchase,10.81,55.54,197,200
1602,2026-08-25 18:32:44.130,Ian,Logout,5.6,22.25,92,200
1603,2026-08-25 18:32:37.736,Diana,Login,7.88,69.63,271,200
1604,2026-08-25 18:32:44.166,Charlie,Search,53.02,75.6,214,201
1605,2026-08-25 18:32:39.369,Charlie,Login,9.73,28.7,207,200
1606,2026-08-25 18:32:40.990,Alice,Login,39.73,77.69,41,200
1607,2026-08-25 18:33:11.539,George,View,24.34,74.39,256,200
1608,2026-08-25 18:33:00.318,Bob,Search,44.12,76.21,260,200
1609,2026-08-25 18:32:49.083,Julia,Login,58.15,51.51,280,304
1610,2026-08-25 18:33:03.594,Bob,Purchase,55.34,88.83,407,200
1611,2026-08-25 18:33:29.400,George,Upload,5.44,23.14,161,200
1612,2026-08-25 18:32:45.922,Charlie,Purchase,10.39,74.71,278,200
1613,2026-08-25 18:33:35.944,Evan,Purchase,35.87,50.19,334,304
1614,2026-08-25 18:32:49.188,Julia,View,37.22,56.44,200,201
1615,2026-08-25 18:32:49.209,Evan,Search,48.74,41.03,393,404
1616,2026-08-25 18:32:37.918,Charlie,Purchase,43.04,35.56,255,200
1617,2026-08-25 18:33:26.442,Fiona,Search,41.53,75.01,161,201
1618,2026-08-25 18:32:47.654,Alice,View,15.83,48.0,356,500
1619,2026-08-25 18:33:11.959,Julia,Download,11.53,39.12,128,400
1620,2026-08-25 18:33:34.674,Charlie,Purchase,9.91,86.95,296,304
1621,2026-08-25 18:33:15.271,Bob,Purchase,72.54,27.3,322,201
1622,2026-08-25 18:32:49.356,Alice,Upload,7.92,57.63,247,200
1623,2026-08-25 18:32:31.524,Fiona,Upload,46.54,64.2,438,200
1624,2026-08-25 18:33:10.510,George,Download,75.89,78.33,240,200
1625,2026-08-25 18:32:51.044,Julia,Purchase,42.92,73.88,242,400
1626,2026-08-25 18:32:38.058,Charlie,Purchase,8.57,51.84,155,500
1627,2026-08-25 18:32:59.223,Charlie,Logout,9.97,41.82,102,201
1628,2026-08-25 18:32:54.366,Fiona,Logout,48.98,83.37,259,200
1629,2026-08-25 18:32:39.729,George,Upload,89.38,36.74,401,200
1630,2026-08-25 18:33:13.974,Ian,Logout,62.61,34.52,82,304
1631,2026-08-25 18:33:28.689,Bob,Search,73.81,34.36,425,200
1632,2026-08-25 18:32:59.358,Diana,Login,22.12,46.48,432,200
1633,2026-08-25 18:32:36.523,Fiona,View,89.35,30.87,74,201
1634,2026-08-25 18:33:36.994,Bob,Logout,80.27,88.05,254,200
1635,2026-08-25 18:32:47.994,Bob,Download,61.9,57.85,224,400
1636,2026-08-25 18:33:24.006,Charlie,Login,85.87,45.0,139,201
1637,2026-08-25 18:33:06.041,Diana,Logout,40.0,74.16,440,200
1638,2026-08-25 18:32:39.864,Julia,Purchase,74.55,38.29,314,201
1639,2026-08-25 18:32:36.601,Ian,Upload,50.43,51.02,117,200
1640,2026-08-25 18:33:25.814,Diana,Download,66.81,29.04,207,200
1641,2026-08-25 18:33:32.421,Bob,View,74.38,46.56,410,201
1642,2026-08-25 18:32:51.418,Bob,Purchase,44.9,65.35,378,201
1643,2026-08-25 18:32:58.012,Julia,Download,89.13,51.51,19,200
1644,2026-08-25 18:32:38.310,Hannah,Purchase,16.75,74.7,288,404
1645,2026-08-25 18:32:43.259,Diana,View,30.04,33.33,236,200
1646,2026-08-25 18:33:37.594,George,Upload,21.47,84.13,80,404
1647,2026-08-25 18:33:19.527,Alice,Download,17.35,25.34,72,404
1648,2026-08-25 18:32:41.662,Julia,Download,43.42,39.6,345,404
1649,2026-08-25 18:33:13.009,Evan,Search,6.44,70.23,89,200
1650,2026-08-25 18:33:24.594,George,Download,58.48,24.1,260,500
1651,2026-08-25 18:32:31.804,Diana,Purchase,15.67,22.15,174,304
1652,2026-08-25 18:32:40.074,Hannah,Login,80.84,57.05,165,200
1653,2026-08-25 18:33:01.578,Alice,Logout,24.55,45.22,310,200
1654,2026-08-25 18:33:13.184,Evan,Search,57.47,39.39,54,200
1655,2026-08-25 18:33:11.564,George,Upload,74.67,36.71,15,404
1656,2026-08-25 18:32:45.102,Bob,Login,7.41,72.66,169,200
1657,2026-08-25 18:33:29.859,Diana,Download,29.1,89.38,356,500
1658,2026-08-25 18:32:43.480,Hannah,Logout,38.24,64.13,392,304
1659,2026-08-25 18:32:51.792,Hannah,Upload,38.53,45.17,263,404
1660,2026-08-25 18:32:48.494,Charlie,Purchase,64.19,28.09,229,200
1661,2026-08-25 18:32:38.548,Ian,Download,13.5,66.28,352,400
1662,2026-08-25 18:33:06.816,Hannah,Download,44.8,87.75,262,304
1663,2026-08-25 18:32:48.554,Bob,Login,89.62,81.79,405,304
1664,2026-08-25 18:32:36.926,Evan,Logout,39.82,31.37,442,404
1665,2026-08-25 18:33:00.249,Diana,Login,74.63,70.17,134,200
1666,2026-08-25 18:32:38.618,George,Download,23.45,21.47,382,404
1667,2026-08-25 18:33:13.639,Fiona,Purchase,78.0,24.53,252,304
1668,2026-08-25 18:32:43.650,Evan,Search,19.3,62.84,254,200
1669,2026-08-25 18:32:50.343,Ian,Purchase,48.12,38.17,377,304
1670,2026-08-25 18:33:03.724,Charlie,Purchase,5.4,25.19,98,200
1671,2026-08-25 18:32:43.701,Diana,View,44.92,82.47,123,200
1672,2026-08-25 18:32:33.686,Julia,Upload,72.0,52.88,130,404
1673,2026-08-25 18:32:42.062,Alice,Search,83.78,67.94,73,400
1674,2026-08-25 18:32:37.056,Bob,Purchase,29.05,59.61,282,200
1675,2026-08-25 18:33:39.044,Fiona,Purchase,38.86,38.56,214,200
1676,2026-08-25 18:33:32.390,George,Download,58.72,43.17,115,201
1677,2026-08-25 18:32:50.511,George,Purchase,55.34,80.67,431,200
1678,2026-08-25 18:32:53.888,Charlie,Download,79.56,33.83,135,200
1679,2026-08-25 18:33:12.380,Fiona,View,46.93,85.41,167,200
1680,2026-08-25 18:33:39.294,Julia,Logout,42.24,36.28,157,200
1681,2026-08-25 18:33:15.810,Ian,Purchase,91.49,41.95,300,200
1682,2026-08-25 18:33:32.666,Alice,Logout,51.47,22.26,105,200
1683,2026-08-25 18:32:32.124,Charlie,Upload,65.31,66.32,107,304
1684,2026-08-25 18:32:37.186,George,Download,18.97,83.77,327,201
1685,2026-08-25 18:32:48.994,Charlie,Login,83.7,27.44,115,400
1686,2026-08-25 18:32:52.386,Evan,Search,27.02,41.05,72,400
1687,2026-08-25 18:33:09.278,Diana,Login,14.62,35.18,125,200
1688,2026-08-25 18:32:59.182,Ian,View,6.8,71.57,53,200
1689,2026-08-25 18:32:32.184,Bob,Upload,89.44,27.54,37,200
1690,2026-08-25 18:33:21.204,Julia,View,11.53,66.53,46,200
1691,2026-08-25 18:32:33.895,Hannah,Download,7.35,55.42,266,201
1692,2026-08-25 18:33:00.978,Fiona,Purchase,64.24,84.92,242,200
1693,2026-08-25 18:32:50.847,Ian,Purchase,32.89,88.76,247,404
1694,2026-08-25 18:32:39.010,Julia,Search,8.45,61.96,431,201
1695,2026-08-25 18:33:36.654,Bob,View,7.49,67.5,216,400
1696,2026-08-25 18:32:49.214,Julia,Download,5.04,81.69,240,400
1697,2026-08-25 18:32:42.446,Julia,Purchase,22.4,64.42,276,200
1698,2026-08-25 18:33:18.120,Charlie,Upload,94.16,47.93,399,400
1699,2026-08-25 18:32:32.284,Hannah,Purchase,31.37,84.28,160,200
1700,2026-08-25 18:32:47.594,Diana,Login,82.4,63.32,377,404
1701,2026-08-25 18:32:45.912,Evan,Upload,70.78,51.16,183,304
1702,2026-08-25 18:32:35.718,Ian,Purchase,43.13,27.65,323,201
1703,2026-08-25 18:33:18.305,Hannah,Login,53.71,37.43,264,200
1704,2026-08-25 18:33:28.566,George,Logout,73.89,82.61,286,201
1705,2026-08-25 18:32:47.689,Julia,Purchase,6.06,35.63,450,200
1706,2026-08-25 18:33:28.652,Evan,Purchase,6.66,59.98,263,201
1707,2026-08-25 18:33:04.797,Fiona,Purchase,13.97,32.05,352,400
1708,2026-08-25 18:33:20.198,George,Upload,15.71,27.86,281,304
1709,2026-08-25 18:32:40.929,Alice,Search,79.57,50.35,123,200
1710,2026-08-25 18:32:37.524,Charlie,Logout,18.83,43.28,433,200
1711,2026-08-25 18:32:46.092,Fiona,Download,88.67,39.94,363,200
1712,2026-08-25 18:32:59.806,Evan,Upload,5.32,64.24,15,200
1713,2026-08-25 18:33:37.518,Alice,Upload,18.99,48.39,187,200
1714,2026-08-25 18:33:35.852,Evan,Logout,74.4,28.82,417,200
1715,2026-08-25 18:33:29.039,Julia,Logout,70.66,58.45,228,200
1716,2026-08-25 18:32:59.910,Fiona,View,22.02,47.96,327,200
1717,2026-08-25 18:33:23.974,Julia,Logout,54.63,53.71,342,304
1718,2026-08-25 18:32:41.064,Bob,View,16.86,31.91,446,304
1719,2026-08-25 18:33:18.897,Alice,Search,9.91,44.64,241,200
1720,2026-08-25 18:33:00.014,Ian,Logout,22.75,27.09,107,404
1721,2026-08-25 18:33:01.761,Fiona,Logout,61.76,43.5,42,500
1722,2026-08-25 18:33:24.174,Ian,Logout,24.5,65.11,418,400
1723,2026-08-25 18:33:19.045,Hannah,Purchase,34.78,22.02,277,304
1724,2026-08-25 18:33:17.358,Julia,Logout,52.49,42.26,355,400
1725,2026-08-25 18:32:49.794,Hannah,Purchase,13.87,70.47,196,500
1726,2026-08-25 18:33:03.622,Julia,View,59.32,24.16,99,200
1727,2026-08-25 18:33:19.193,Julia,Search,92.96,50.74,95,404
1728,2026-08-25 18:33:15.774,Fiona,Search,11.18,26.06,431,200
1729,2026-08-25 18:32:41.229,George,Purchase,57.53,39.33,404,200
1730,2026-08-25 18:32:32.594,Hannah,Logout,11.76,44.21,213,500
1731,2026-08-25 18:32:49.914,Charlie,Purchase,42.45,28.36,370,304
1732,2026-08-25 18:33:28.038,Fiona,Upload,56.1,64.78,77,400
1733,2026-08-25 18:33:12.483,Charlie,Search,27.53,80.75,280,200
1734,2026-08-25 18:32:55.176,Julia,View,62.19,87.84,431,200
1735,2026-08-25 18:33:19.489,Diana,Upload,16.02,50.17,164,200
1736,2026-08-25 18:32:44.806,Julia,Purchase,16.15,75.5,172,500
1737,2026-08-25 18:33:28.248,Alice,Search,73.42,70.26,306,200
1738,2026-08-25 18:33:42.194,Alice,Login,41.96,35.07,192,200
1739,2026-08-25 18:32:55.291,Diana,Search,89.51,84.18,116,500
1740,2026-08-25 18:33:07.494,Bob,Download,88.57,47.21,46,304
1741,2026-08-25 18:32:58.819,Hannah,Login,8.7,37.45,433,200
1742,2026-08-25 18:32:53.618,Fiona,Purchase,68.24,46.49,318,200
1743,2026-08-25 18:32:36.210,Bob,Login,79.81,49.96,252,200
1744,2026-08-25 18:33:18.078,Ian,View,30.5,54.91,150,200
1745,2026-08-25 18:32:32.744,Alice,Download,93.54,60.58,80,200
1746,2026-08-25 18:32:36.246,Julia,Download,9.64,29.78,11,400
1747,2026-08-25 18:33:02.463,Ian,Search,26.47,67.7,370,200
1748,2026-08-25 18:32:52.002,Alice,Logout,82.51,78.76,74,400
1749,2026-08-25 18:33:07.764,George,Search,33.43,20.1,273,500
1750,2026-08-25 18:33:27.044,George,View,9.31,20.98,196,304
1751,2026-08-25 18:32:50.314,Charlie,Download,62.03,53.82,232,304
1752,2026-08-25 18:33:37.638,Alice,Upload,55.21,53.76,47,200
1753,2026-08-25 18:32:38.083,Diana,Search,85.88,70.81,366,404
1754,2026-08-25 18:33:14.930,George,Download,12.64,67.42,405,201
1755,2026-08-25 18:32:59.169,Alice,Download,35.98,73.95,77,404
1756,2026-08-25 18:32:53.926,Charlie,View,13.3,43.73,315,304
1757,2026-08-25 18:33:37.873,Charlie,Login,36.3,68.93,383,200
1758,2026-08-25 18:33:08.034,George,Purchase,47.07,34.27,369,404
1759,2026-08-25 18:33:18.618,Hannah,Upload,89.34,55.27,260,200
1760,2026-08-25 18:33:41.534,Hannah,Download,7.86,64.77,104,304
1761,2026-08-25 18:32:59.319,Fiona,Login,18.08,61.52,422,200
1762,2026-08-25 18:32:43.486,Julia,Upload,7.72,71.66,23,500
1763,2026-08-25 18:33:32.866,Hannah,Search,20.19,65.42,295,200
1764,2026-08-25 18:33:15.270,Alice,Upload,91.35,55.42,219,200
1765,2026-08-25 18:33:02.949,Bob,Upload,32.82,78.09,93,404
1766,2026-08-25 18:33:11.806,Evan,Logout,12.75,45.09,337,200
1767,2026-08-25 18:32:43.566,Ian,Purchase,42.91,85.63,440,304
1768,2026-08-25 18:33:04.798,Charlie,Login,85.9,45.41,312,200
1769,2026-08-25 18:33:18.978,Evan,Upload,51.47,61.14,403,500
1770,2026-08-25 18:32:48.924,Charlie,Search,84.77,76.62,439,200
1771,2026-08-25 18:33:08.424,Bob,Download,40.87,26.01,116,304
1772,2026-08-25 18:33:06.682,Diana,Purchase,80.87,71.16,236,200
1773,2026-08-25 18:33:04.938,Diana,Purchase,30.68,70.02,394,200
1774,2026-08-25 18:32:33.034,Evan,View,64.1,68.24,10,201
1775,2026-08-25 18:32:43.694,Diana,Search,39.6,40.29,313,400
1776,2026-08-25 18:33:33.438,Hannah,View,52.88,32.48,226,304
1777,2026-08-25 18:33:35.259,Bob,Logout,40.47,41.25,127,200
1778,2026-08-25 18:33:05.078,Evan,Search,41.93,32.75,240,200
1779,2026-08-25 18:33:24.675,Evan,Purchase,40.84,87.43,250,200
1780,2026-08-25 18:32:40.214,Evan,Download,40.71,39.7,238,304
1781,2026-08-25 18:32:52.695,Evan,Login,44.44,31.02,230,400
1782,2026-08-25 18:32:36.678,Bob,Purchase,25.64,23.2,319,200
1783,2026-08-25 18:33:24.831,Evan,Upload,19.95,82.75,216,200
1784,2026-08-25 18:33:10.598,Charlie,Purchase,16.07,60.15,260,200
1785,2026-08-25 18:33:32.049,Julia,Purchase,7.25,54.18,235,400
1786,2026-08-25 18:32:52.800,George,Purchase,80.24,84.07,271,200
1787,2026-08-25 18:32:40.312,Diana,Login,77.76,50.99,214,304
1788,2026-08-25 18:33:12.510,Fiona,Login,69.53,43.86,273,200
1789,2026-08-25 18:33:19.698,Charlie,Login,30.48,20.54,174,304
1790,2026-08-25 18:32:34.984,Diana,Upload,35.03,80.3,401,404
1791,2026-08-25 18:33:35.889,Fiona,Upload,6.28,81.29,447,200
1792,2026-08-25 18:33:07.262,Julia,Upload,83.42,73.0,96,400
1793,2026-08-25 18:32:38.603,Hannah,Upload,90.67,44.8,441,200
1794,2026-08-25 18:32:36.822,Evan,View,15.41,56.84,62,201
1795,2026-08-25 18:33:16.324,Hannah,Purchase,8.32,51.27,84,500
1796,2026-08-25 18:32:42.234,Ian,Upload,66.92,89.02,329,200
1797,2026-08-25 18:32:54.828,Evan,Logout,15.67,35.05,150,200
1798,2026-08-25 18:33:32.608,Bob,View,39.0,51.79,228,404
1799,2026-08-25 18:32:51.274,Charlie,Logout,7.13,28.03,112,400
1800,2026-08-25 18:32:36.894,Diana,Search,14.25,48.78,170,200
1801,2026-08-25 18:33:30.936,Charlie,Logout,67.21,79.43,402,400
1802,2026-08-25 18:32:51.334,Bob,Logout,81.05,43.71,145,200
1803,2026-08-25 18:33:32.823,Alice,Purchase,14.74,52.89,312,201
1804,2026-08-25 18:33:05.806,Bob,View,55.37,42.67,122,304
1805,2026-08-25 18:32:47.784,Fiona,Purchase,57.72,72.75,54,200
1806,2026-08-25 18:33:04.056,Hannah,Logout,30.77,80.16,277,200
1807,2026-08-25 18:32:51.434,Fiona,Purchase,63.08,72.85,162,200
1808,2026-08-25 18:32:35.182,Ian,Purchase,59.53,88.61,239,200
1809,2026-08-25 18:33:13.182,Ian,Logout,62.3,60.89,386,404
1810,2026-08-25 18:33:40.364,Evan,Search,72.37,34.41,340,500
1811,2026-08-25 18:33:15.057,Hannah,Download,33.7,46.75,404,200
1812,2026-08-25 18:33:11.466,Fiona,Search,12.36,86.73,243,304
1813,2026-08-25 18:33:13.310,George,Purchase,45.01,53.07,160,200
1814,2026-08-25 18:32:58.830,Bob,Download,94.73,62.19,42,400
1815,2026-08-25 18:33:11.559,George,Search,11.48,23.08,122,200
1816,2026-08-25 18:33:44.278,Fiona,Search,41.74,47.77,13,200
1817,2026-08-25 18:33:46.144,Hannah,Login,93.55,45.8,122,304
1818,2026-08-25 18:32:48.018,Evan,Search,91.37,29.34,138,200
1819,2026-08-25 18:32:53.493,Julia,Login,46.25,52.35,342,200
1820,2026-08-25 18:32:35.314,Evan,Download,25.01,45.94,426,500
1821,2026-08-25 18:33:26.313,Julia,Upload,22.89,64.12,176,201
1822,2026-08-25 18:32:40.802,Charlie,View,11.14,24.82,168,201
1823,2026-08-25 18:33:28.214,Diana,Download,16.64,38.97,266,304
1824,2026-08-25 18:33:30.078,Ian,Search,13.69,20.49,21,400
1825,2026-08-25 18:33:00.919,Fiona,Upload,53.12,68.26,284,500
1826,2026-08-25 18:33:39.290,George,Download,74.63,54.08,304,200
1827,2026-08-25 18:32:50.007,Ian,Upload,33.41,82.01,115,304
1828,2026-08-25 18:33:02.822,Alice,Login,7.8,53.89,343,200
1829,2026-08-25 18:33:41.257,Julia,Search,31.44,32.98,261,200
1830,2026-08-25 18:33:26.664,Evan,Download,5.18,41.85,352,400
1831,2026-08-25 18:33:35.858,Hannah,View,73.0,52.13,335,500
1832,2026-08-25 18:33:15.750,Fiona,Search,82.05,60.7,84,200
1833,2026-08-25 18:32:55.620,Ian,Download,81.98,53.8,93,400
1834,2026-08-25 18:33:10.314,Alice,Upload,49.31,61.5,147,400
1835,2026-08-25 18:32:44.654,Bob,Purchase,77.61,70.4,124,200
1836,2026-08-25 18:33:25.062,George,Download,66.92,50.0,53,200
1837,2026-08-25 18:32:59.382,Evan,Download,59.62,34.25,154,400
1838,2026-08-25 18:33:28.814,Alice,Upload,22.92,37.33,288,201
1839,2026-08-25 18:32:59.430,Evan,Login,64.7,60.29,224,200
1840,2026-08-25 18:33:32.574,Ian,Logout,6.03,58.88,428,500
1841,2026-08-25 18:32:35.545,Alice,Search,83.43,26.65,18,201
1842,2026-08-25 18:33:41.868,Ian,Search,93.72,75.05,364,201
1843,2026-08-25 18:33:05.055,Charlie,Login,43.67,46.11,397,400
1844,2026-08-25 18:33:43.806,Hannah,Login,88.15,43.42,111,200
1845,2026-08-25 18:33:43.854,Diana,Download,75.51,65.7,196,400
1846,2026-08-25 18:33:01.444,Julia,Logout,78.38,46.21,187,200
1847,2026-08-25 18:33:36.562,Bob,Logout,56.05,68.28,296,200
1848,2026-08-25 18:33:36.606,Evan,View,72.36,43.65,180,500
1849,2026-08-25 18:32:37.482,Fiona,Logout,71.45,83.24,266,304
1850,2026-08-25 18:33:16.344,Diana,Download,11.15,35.04,120,200
1851,2026-08-25 18:33:20.079,Alice,Login,22.22,26.26,430,404
1852,2026-08-25 18:33:21.966,Bob,Download,5.02,74.81,154,404
1853,2026-08-25 18:32:37.530,Hannah,Purchase,5.54,27.67,21,200
1854,2026-08-25 18:33:07.206,Bob,Login,28.62,89.72,421,400
1855,2026-08-25 18:33:40.624,Julia,Upload,56.37,68.66,401,400
1856,2026-08-25 18:32:59.838,Alice,Download,33.58,32.81,64,500
1857,2026-08-25 18:33:09.147,Julia,Purchase,34.65,66.13,254,201
1858,2026-08-25 18:32:41.306,Hannah,View,70.73,27.87,224,500
1859,2026-08-25 18:32:59.910,Ian,View,59.52,34.46,387,200
1860,2026-08-25 18:32:46.914,Julia,Search,53.64,64.27,181,201
1861,2026-08-25 18:32:48.792,Evan,Purchase,53.21,59.31,447,200
1862,2026-08-25 18:33:24.188,Bob,Search,24.75,35.68,98,201
1863,2026-08-25 18:33:27.951,Evan,Search,20.93,51.77,84,200
1864,2026-08-25 18:33:44.766,George,Logout,70.8,84.44,222,200
1865,2026-08-25 18:33:41.084,Hannah,Logout,7.06,54.58,216,404
1866,2026-08-25 18:33:26.202,Hannah,Purchase,80.15,38.86,25,200
1867,2026-08-25 18:33:00.102,Bob,Logout,13.39,27.86,85,201
1868,2026-08-25 18:32:52.654,Julia,Purchase,94.18,88.92,182,500
1869,2026-08-25 18:33:18.840,Alice,View,69.57,64.96,425,500
1870,2026-08-25 18:32:35.864,Ian,Upload,44.86,58.21,167,400
1871,2026-08-25 18:32:56.456,Charlie,Purchase,7.72,78.68,201,201
1872,2026-08-25 18:33:02.094,Fiona,Login,35.48,26.64,69,304
1873,2026-08-25 18:33:30.214,Evan,View,48.5,36.21,287,200
1874,2026-08-25 18:33:37.750,Charlie,Upload,42.31,88.01,323,201
1875,2026-08-25 18:33:19.044,Hannah,View,19.27,61.47,320,200
1876,2026-08-25 18:33:07.822,Evan,Upload,88.14,73.3,16,201
1877,2026-08-25 18:33:11.604,Julia,Purchase,39.54,26.92,51,200
1878,2026-08-25 18:33:37.926,Fiona,Upload,58.5,36.13,388,500
1879,2026-08-25 18:32:45.358,George,Search,89.91,56.17,253,200
1880,2026-08-25 18:33:15.454,Fiona,Download,65.54,73.06,341,400
1881,2026-08-25 18:33:23.010,Ian,Upload,33.12,49.11,211,200
1882,2026-08-25 18:32:49.170,Evan,View,5.03,26.89,339,201
1883,2026-08-25 18:33:32.497,Ian,Logout,6.93,58.89,193,200
1884,2026-08-25 18:32:37.902,Evan,Upload,58.98,37.67,137,200
1885,2026-08-25 18:32:52.994,Charlie,Purchase,48.45,87.5,48,200
1886,2026-08-25 18:33:28.848,Hannah,Purchase,37.1,54.27,59,400
1887,2026-08-25 18:32:54.921,Bob,View,58.95,59.92,62,200
1888,2026-08-25 18:33:28.926,Fiona,Upload,29.55,69.52,55,200
1889,2026-08-25 18:33:34.632,Fiona,Upload,8.62,55.26,360,500
1890,2026-08-25 18:33:11.994,Julia,Search,37.93,22.73,47,500
1891,2026-08-25 18:33:34.716,Fiona,View,67.24,56.25,90,201
1892,2026-08-25 18:33:38.542,Fiona,Login,38.47,85.36,104,200
1893,2026-08-25 18:33:23.442,Ian,Upload,32.54,74.76,118,400
1894,2026-08-25 18:33:17.796,Hannah,View,62.24,27.64,297,304
1895,2026-08-25 18:33:29.199,Fiona,Upload,41.45,27.97,66,200
1896,2026-08-25 18:33:02.694,Ian,Search,81.07,69.95,268,200
1897,2026-08-25 18:33:14.101,Bob,Upload,43.91,45.09,263,404
1898,2026-08-25 18:33:50.194,Charlie,Download,14.24,83.88,146,404
1899,2026-08-25 18:32:55.173,Diana,Download,94.89,33.07,19,304
1900,2026-08-25 18:33:27.494,Alice,Purchase,58.14,88.84,298,200
1901,2026-08-25 18:33:38.938,Bob,Login,25.1,48.85,370,500
1902,2026-08-25 18:32:59.040,Alice,Purchase,21.28,33.53,231,304
1903,2026-08-25 18:32:40.033,Evan,Search,91.44,85.76,419,200
1904,2026-08-25 18:33:25.742,Bob,Logout,32.88,83.53,164,400
1905,2026-08-25 18:32:59.109,Charlie,Search,14.03,76.1,119,200
1906,2026-08-25 18:32:49.602,Diana,View,65.93,24.05,399,200
1907,2026-08-25 18:33:39.202,Hannah,Download,12.74,74.22,72,500
1908,2026-08-25 18:32:40.098,Alice,View,71.41,52.49,366,200
1909,2026-08-25 18:33:33.563,Hannah,View,83.97,38.61,302,400
1910,2026-08-25 18:33:45.064,Hannah,Purchase,18.54,79.41,145,500
1911,2026-08-25 18:33:37.467,Alice,Download,62.87,71.76,196,304
1912,2026-08-25 18:33:47.070,Alice,Purchase,38.22,24.31,335,200
1913,2026-08-25 18:33:12.684,Evan,Purchase,18.59,24.98,434,201
1914,2026-08-25 18:33:29.940,Fiona,Upload,21.52,28.32,415,201
1915,2026-08-25 18:33:29.979,Julia,Search,41.81,61.27,177,200
1916,2026-08-25 18:33:22.354,George,Login,86.79,25.55,213,200
1917,2026-08-25 18:33:07.053,Hannah,Search,82.67,22.83,111,400
1918,2026-08-25 18:33:43.522,Fiona,Purchase,59.64,69.55,382,304
1919,2026-08-25 18:33:01.350,Charlie,View,10.96,61.42,202,404
1920,2026-08-25 18:33:32.094,Alice,Purchase,21.28,22.84,238,200
1921,2026-08-25 18:33:07.161,Julia,Upload,31.54,20.3,423,201
1922,2026-08-25 18:33:24.486,Hannah,Purchase,43.87,40.45,388,200
1923,2026-08-25 18:33:01.446,Evan,Login,11.32,70.69,405,500
1924,2026-08-25 18:33:34.178,Alice,Search,46.79,52.67,175,200
1925,2026-08-25 18:33:24.594,Charlie,View,56.96,62.32,322,200
1926,2026-08-25 18:33:45.816,Ian,Login,62.98,26.55,71,200
1927,2026-08-25 18:33:28.520,George,Login,31.6,56.14,422,200
1928,2026-08-25 18:33:20.846,Hannah,Upload,42.88,52.98,53,400
1929,2026-08-25 18:32:57.732,Fiona,Search,60.37,40.41,88,500
1930,2026-08-25 18:33:15.124,Evan,Login,51.99,70.98,407,400
1931,2026-08-25 18:33:24.810,Hannah,View,58.64,43.45,449,200
1932,2026-08-25 18:33:13.254,Diana,Download,38.4,79.21,403,404
1933,2026-08-25 18:33:05.552,Hannah,Login,65.61,89.72,53,404
1934,2026-08-25 18:33:42.324,Alice,Search,36.7,49.95,17,404
1935,2026-08-25 18:33:05.604,Evan,Login,17.19,79.67,373,200
1936,2026-08-25 18:32:40.462,Evan,Search,39.12,68.96,143,200
1937,2026-08-25 18:32:44.349,Charlie,Login,37.06,58.5,83,304
1938,2026-08-25 18:33:32.814,Julia,Logout,88.92,25.21,49,200
1939,2026-08-25 18:33:13.464,Ian,View,54.64,37.21,377,200
1940,2026-08-25 18:33:46.474,Charlie,Purchase,68.24,49.57,91,201
1941,2026-08-25 18:33:34.875,Bob,Download,35.52,84.72,205,200
1942,2026-08-25 18:33:31.032,George,Download,70.21,23.38,88,404
1943,2026-08-25 18:33:05.812,Charlie,Logout,28.96,86.84,291,200
1944,2026-08-25 18:32:52.230,Fiona,Purchase,30.32,28.77,262,304
1945,2026-08-25 18:32:54.194,Hannah,Logout,58.17,72.15,234,200
1946,2026-08-25 18:32:46.430,George,Login,74.46,33.06,316,200
1947,2026-08-25 18:33:19.545,Fiona,View,43.48,34.28,184,200
1948,2026-08-25 18:33:27.370,Ian,Upload,85.68,27.47,68,404
1949,2026-08-25 18:33:29.356,Fiona,Upload,31.98,51.41,380,200
1950,2026-08-25 18:33:46.944,Ian,Upload,58.69,80.29,47,500
1951,2026-08-25 18:32:36.755,Alice,View,10.21,30.88,19,201
1952,2026-08-25 18:33:47.038,Diana,Download,81.67,51.23,259,400
1953,2026-08-25 18:33:41.226,Charlie,Download,73.69,73.97,70,304
1954,2026-08-25 18:33:10.006,Charlie,Download,65.88,72.18,190,404
1955,2026-08-25 18:33:23.719,Ian,View,81.45,24.8,384,400
1956,2026-08-25 18:33:10.062,Evan,Download,25.79,67.57,435,500
1957,2026-08-25 18:33:19.875,Ian,Logout,44.72,53.23,35,400
1958,2026-08-25 18:33:37.530,Alice,Purchase,42.52,72.51,153,200
1959,2026-08-25 18:33:37.572,Alice,Download,48.35,74.32,220,500
1960,2026-08-25 18:33:51.334,Charlie,Purchase,74.71,51.96,140,200
1961,2026-08-25 18:33:31.773,George,Logout,11.21,55.22,180,200
1962,2026-08-25 18:33:43.584,George,Purchase,69.15,52.24,293,200
1963,2026-08-25 18:33:20.073,Fiona,Logout,67.39,79.32,22,400
1964,2026-08-25 18:33:49.566,Hannah,Download,63.63,41.08,332,200
1965,2026-08-25 18:33:41.754,Ian,View,82.73,72.23,402,500
1966,2026-08-25 18:32:34.954,Fiona,Upload,94.28,23.77,61,201
1967,2026-08-25 18:32:38.898,Charlie,Download,69.21,68.15,25,200
1968,2026-08-25 18:33:45.822,Hannah,Download,15.48,45.89,300,304
1969,2026-08-25 18:33:34.054,Fiona,Download,70.86,86.64,238,304
1970,2026-08-25 18:33:26.214,Hannah,Logout,87.86,58.57,55,200
1971,2026-08-25 18:32:38.946,Hannah,Login,10.98,79.65,327,404
1972,2026-08-25 18:33:10.510,Alice,View,85.57,29.16,201,200
1973,2026-08-25 18:33:18.430,Bob,Login,26.66,54.9,278,200
1974,2026-08-25 18:33:28.332,Hannah,Logout,17.84,44.64,139,400
1975,2026-08-25 18:32:35.044,Evan,Login,40.23,28.85,220,201
1976,2026-08-25 18:32:48.886,Fiona,Download,66.2,63.61,242,200
1977,2026-08-25 18:33:22.512,Julia,View,91.24,73.46,264,400
1978,2026-08-25 18:33:12.656,Hannah,Purchase,47.56,58.63,421,200
1979,2026-08-25 18:33:50.286,Evan,Download,49.79,26.97,29,500
1980,2026-08-25 18:33:52.314,Ian,Upload,66.71,21.87,11,200
1981,2026-08-25 18:33:44.439,Hannah,Download,18.04,20.57,313,200
1982,2026-08-25 18:33:02.862,Alice,Login,27.22,27.53,223,200
1983,2026-08-25 18:32:45.039,Evan,Upload,22.45,89.2,442,304
1984,2026-08-25 18:33:34.654,Julia,Purchase,86.94,28.71,178,200
1985,2026-08-25 18:33:42.634,Bob,Upload,25.89,41.57,371,404
1986,2026-08-25 18:33:10.902,George,View,76.92,24.62,178,500
1987,2026-08-25 18:33:46.696,Hannah,Logout,80.86,51.02,202,304
1988,2026-08-25 18:32:43.126,Julia,Upload,32.55,51.42,275,200
1989,2026-08-25 18:33:34.854,George,Upload,84.58,62.92,287,200
1990,2026-08-25 18:33:11.014,Ian,Upload,37.53,28.61,200,304
1991,2026-08-25 18:33:46.880,Diana,View,21.48,57.75,374,400
1992,2026-08-25 18:33:03.102,Hannah,Logout,5.74,75.78,194,404
1993,2026-08-25 18:33:44.979,Julia,Upload,38.63,85.57,383,200
1994,2026-08-25 18:32:49.192,Ian,Logout,24.29,31.69,102,200
1995,2026-08-25 18:33:55.044,George,Search,44.66,81.82,66,200
1996,2026-08-25 18:33:37.130,Ian,Purchase,75.69,60.08,171,200
1997,2026-08-25 18:33:11.210,Bob,Search,70.69,56.08,390,400
1998,2026-08-25 18:33:19.230,Julia,Logout,23.74,80.19,155,201
1999,2026-08-25 18:33:21.261,Diana,Login,65.64,71.91,130,200
2000,2026-08-25 18:33:37.294,Fiona,Search,90.37,33.49,45,200
